dataElement,period,categoryOptionCombo
r4zbW3owX9n,2024Oct,HllvX50cXC0
KssDaTsGWnS,2023Oct,C8E2J67vSKJ
KssDaTsGWnS,2023Oct,p37WTaS0qLA
KssDaTsGWnS,2023Oct,DWZgJTKGiia
KssDaTsGWnS,2023Oct,EEsbQYZ3xOL
KssDaTsGWnS,2023Oct,R9InFSboXtR
KssDaTsGWnS,2023Oct,UWh9ZYF98Iy
KssDaTsGWnS,2023Oct,sAMgBm0yL1n
KssDaTsGWnS,2023Oct,OQ87whoenrg
KssDaTsGWnS,2023Oct,jtXsyfmyURY
KssDaTsGWnS,2023Oct,IBuKIWJmOp9
KssDaTsGWnS,2023Oct,kvAWUzl6RFt
KssDaTsGWnS,2023Oct,ZKobUVrvlkO
KssDaTsGWnS,2023Oct,fIguGW4YFJ3
KssDaTsGWnS,2023Oct,MDIBMxbuwR3
iwSejvD8cXl,2023Oct,EK5V8gEHYPH
iwSejvD8cXl,2023Oct,c0nenJ9EKQz
iwSejvD8cXl,2023Oct,jNtU64I1RaG
iwSejvD8cXl,2023Oct,S8DmkDGvfKA
iwSejvD8cXl,2023Oct,RLGOV7MCVrF
iwSejvD8cXl,2023Oct,SGNvThVISKr
iwSejvD8cXl,2023Oct,DeBA55gXcy3
iwSejvD8cXl,2023Oct,iJuMQQ1wnUf
iwSejvD8cXl,2023Oct,CeuDnHicKrF
iwSejvD8cXl,2023Oct,G5xBaxUTA1Q
iwSejvD8cXl,2023Oct,SJyG6PfeF6l
iwSejvD8cXl,2023Oct,IsCSXOSWFSn
iwSejvD8cXl,2023Oct,JgmjEkK0toj
iwSejvD8cXl,2023Oct,LOtNQ2NFIgT
lJtpR5byqps,2023Oct,C8E2J67vSKJ
lJtpR5byqps,2023Oct,p37WTaS0qLA
lJtpR5byqps,2023Oct,DWZgJTKGiia
lJtpR5byqps,2023Oct,EEsbQYZ3xOL
lJtpR5byqps,2023Oct,R9InFSboXtR
lJtpR5byqps,2023Oct,UWh9ZYF98Iy
lJtpR5byqps,2023Oct,sAMgBm0yL1n
lJtpR5byqps,2023Oct,OQ87whoenrg
lJtpR5byqps,2023Oct,jtXsyfmyURY
lJtpR5byqps,2023Oct,IBuKIWJmOp9
lJtpR5byqps,2023Oct,kvAWUzl6RFt
lJtpR5byqps,2023Oct,ZKobUVrvlkO
lJtpR5byqps,2023Oct,fIguGW4YFJ3
lJtpR5byqps,2023Oct,MDIBMxbuwR3
nF19GOjcnoD,2023Oct,EK5V8gEHYPH
nF19GOjcnoD,2023Oct,c0nenJ9EKQz
nF19GOjcnoD,2023Oct,jNtU64I1RaG
nF19GOjcnoD,2023Oct,S8DmkDGvfKA
nF19GOjcnoD,2023Oct,RLGOV7MCVrF
nF19GOjcnoD,2023Oct,SGNvThVISKr
nF19GOjcnoD,2023Oct,DeBA55gXcy3
nF19GOjcnoD,2023Oct,iJuMQQ1wnUf
nF19GOjcnoD,2023Oct,CeuDnHicKrF
nF19GOjcnoD,2023Oct,G5xBaxUTA1Q
nF19GOjcnoD,2023Oct,SJyG6PfeF6l
nF19GOjcnoD,2023Oct,IsCSXOSWFSn
nF19GOjcnoD,2023Oct,JgmjEkK0toj
nF19GOjcnoD,2023Oct,LOtNQ2NFIgT
xghQXueYJxu,2023Oct,EK5V8gEHYPH
xghQXueYJxu,2023Oct,c0nenJ9EKQz
xghQXueYJxu,2023Oct,jNtU64I1RaG
xghQXueYJxu,2023Oct,S8DmkDGvfKA
xghQXueYJxu,2023Oct,RLGOV7MCVrF
xghQXueYJxu,2023Oct,SGNvThVISKr
xghQXueYJxu,2023Oct,DeBA55gXcy3
xghQXueYJxu,2023Oct,iJuMQQ1wnUf
xghQXueYJxu,2023Oct,CeuDnHicKrF
xghQXueYJxu,2023Oct,G5xBaxUTA1Q
xghQXueYJxu,2023Oct,SJyG6PfeF6l
xghQXueYJxu,2023Oct,IsCSXOSWFSn
xghQXueYJxu,2023Oct,JgmjEkK0toj
xghQXueYJxu,2023Oct,LOtNQ2NFIgT
zoKiMGRucOY,2023Oct,EK5V8gEHYPH
zoKiMGRucOY,2023Oct,c0nenJ9EKQz
zoKiMGRucOY,2023Oct,jNtU64I1RaG
zoKiMGRucOY,2023Oct,S8DmkDGvfKA
zoKiMGRucOY,2023Oct,RLGOV7MCVrF
zoKiMGRucOY,2023Oct,SGNvThVISKr
zoKiMGRucOY,2023Oct,DeBA55gXcy3
zoKiMGRucOY,2023Oct,iJuMQQ1wnUf
zoKiMGRucOY,2023Oct,CeuDnHicKrF
zoKiMGRucOY,2023Oct,G5xBaxUTA1Q
zoKiMGRucOY,2023Oct,SJyG6PfeF6l
zoKiMGRucOY,2023Oct,IsCSXOSWFSn
zoKiMGRucOY,2023Oct,JgmjEkK0toj
zoKiMGRucOY,2023Oct,LOtNQ2NFIgT
hmTKCv0EtgT,2024Oct,EK5V8gEHYPH
hmTKCv0EtgT,2024Oct,c0nenJ9EKQz
hmTKCv0EtgT,2024Oct,jNtU64I1RaG
hmTKCv0EtgT,2024Oct,S8DmkDGvfKA
hmTKCv0EtgT,2024Oct,RLGOV7MCVrF
hmTKCv0EtgT,2024Oct,SGNvThVISKr
hmTKCv0EtgT,2024Oct,DeBA55gXcy3
hmTKCv0EtgT,2024Oct,iJuMQQ1wnUf
hmTKCv0EtgT,2024Oct,CeuDnHicKrF
hmTKCv0EtgT,2024Oct,G5xBaxUTA1Q
hmTKCv0EtgT,2024Oct,SJyG6PfeF6l
hmTKCv0EtgT,2024Oct,IsCSXOSWFSn
hmTKCv0EtgT,2024Oct,JgmjEkK0toj
hmTKCv0EtgT,2024Oct,LOtNQ2NFIgT
iwSejvD8cXl,2024Oct,EK5V8gEHYPH
iwSejvD8cXl,2024Oct,c0nenJ9EKQz
iwSejvD8cXl,2024Oct,jNtU64I1RaG
iwSejvD8cXl,2024Oct,S8DmkDGvfKA
iwSejvD8cXl,2024Oct,RLGOV7MCVrF
iwSejvD8cXl,2024Oct,SGNvThVISKr
iwSejvD8cXl,2024Oct,DeBA55gXcy3
iwSejvD8cXl,2024Oct,iJuMQQ1wnUf
iwSejvD8cXl,2024Oct,CeuDnHicKrF
iwSejvD8cXl,2024Oct,G5xBaxUTA1Q
iwSejvD8cXl,2024Oct,SJyG6PfeF6l
iwSejvD8cXl,2024Oct,IsCSXOSWFSn
iwSejvD8cXl,2024Oct,JgmjEkK0toj
iwSejvD8cXl,2024Oct,LOtNQ2NFIgT
di4b6joXm84,2024Oct,EK5V8gEHYPH
HGZY9RNZjRd,2024Oct,EK5V8gEHYPH
di4b6joXm84,2024Oct,c0nenJ9EKQz
HGZY9RNZjRd,2024Oct,c0nenJ9EKQz
di4b6joXm84,2024Oct,jNtU64I1RaG
HGZY9RNZjRd,2024Oct,jNtU64I1RaG
di4b6joXm84,2024Oct,S8DmkDGvfKA
HGZY9RNZjRd,2024Oct,S8DmkDGvfKA
di4b6joXm84,2024Oct,RLGOV7MCVrF
HGZY9RNZjRd,2024Oct,RLGOV7MCVrF
di4b6joXm84,2024Oct,SGNvThVISKr
HGZY9RNZjRd,2024Oct,SGNvThVISKr
di4b6joXm84,2024Oct,DeBA55gXcy3
HGZY9RNZjRd,2024Oct,DeBA55gXcy3
di4b6joXm84,2024Oct,iJuMQQ1wnUf
HGZY9RNZjRd,2024Oct,iJuMQQ1wnUf
di4b6joXm84,2024Oct,CeuDnHicKrF
HGZY9RNZjRd,2024Oct,CeuDnHicKrF
di4b6joXm84,2024Oct,G5xBaxUTA1Q
HGZY9RNZjRd,2024Oct,G5xBaxUTA1Q
di4b6joXm84,2024Oct,SJyG6PfeF6l
HGZY9RNZjRd,2024Oct,SJyG6PfeF6l
di4b6joXm84,2024Oct,IsCSXOSWFSn
HGZY9RNZjRd,2024Oct,IsCSXOSWFSn
di4b6joXm84,2024Oct,JgmjEkK0toj
HGZY9RNZjRd,2024Oct,JgmjEkK0toj
di4b6joXm84,2024Oct,LOtNQ2NFIgT
HGZY9RNZjRd,2024Oct,LOtNQ2NFIgT
xghQXueYJxu,2024Oct,EK5V8gEHYPH
xghQXueYJxu,2024Oct,c0nenJ9EKQz
xghQXueYJxu,2024Oct,jNtU64I1RaG
xghQXueYJxu,2024Oct,S8DmkDGvfKA
xghQXueYJxu,2024Oct,RLGOV7MCVrF
xghQXueYJxu,2024Oct,SGNvThVISKr
xghQXueYJxu,2024Oct,DeBA55gXcy3
xghQXueYJxu,2024Oct,iJuMQQ1wnUf
xghQXueYJxu,2024Oct,CeuDnHicKrF
xghQXueYJxu,2024Oct,G5xBaxUTA1Q
xghQXueYJxu,2024Oct,SJyG6PfeF6l
xghQXueYJxu,2024Oct,IsCSXOSWFSn
xghQXueYJxu,2024Oct,JgmjEkK0toj
xghQXueYJxu,2024Oct,LOtNQ2NFIgT
vmfKLKi1NBA,2024Oct,EK5V8gEHYPH
DhrLCUBm3bK,2024Oct,EK5V8gEHYPH
vmfKLKi1NBA,2024Oct,c0nenJ9EKQz
DhrLCUBm3bK,2024Oct,c0nenJ9EKQz
vmfKLKi1NBA,2024Oct,jNtU64I1RaG
DhrLCUBm3bK,2024Oct,jNtU64I1RaG
vmfKLKi1NBA,2024Oct,S8DmkDGvfKA
DhrLCUBm3bK,2024Oct,S8DmkDGvfKA
vmfKLKi1NBA,2024Oct,RLGOV7MCVrF
DhrLCUBm3bK,2024Oct,RLGOV7MCVrF
vmfKLKi1NBA,2024Oct,SGNvThVISKr
DhrLCUBm3bK,2024Oct,SGNvThVISKr
vmfKLKi1NBA,2024Oct,DeBA55gXcy3
DhrLCUBm3bK,2024Oct,DeBA55gXcy3
vmfKLKi1NBA,2024Oct,iJuMQQ1wnUf
DhrLCUBm3bK,2024Oct,iJuMQQ1wnUf
vmfKLKi1NBA,2024Oct,CeuDnHicKrF
DhrLCUBm3bK,2024Oct,CeuDnHicKrF
vmfKLKi1NBA,2024Oct,G5xBaxUTA1Q
DhrLCUBm3bK,2024Oct,G5xBaxUTA1Q
vmfKLKi1NBA,2024Oct,SJyG6PfeF6l
DhrLCUBm3bK,2024Oct,SJyG6PfeF6l
vmfKLKi1NBA,2024Oct,IsCSXOSWFSn
DhrLCUBm3bK,2024Oct,IsCSXOSWFSn
vmfKLKi1NBA,2024Oct,JgmjEkK0toj
DhrLCUBm3bK,2024Oct,JgmjEkK0toj
vmfKLKi1NBA,2024Oct,LOtNQ2NFIgT
DhrLCUBm3bK,2024Oct,LOtNQ2NFIgT
yeRsYzyfy9t,2024Oct,EK5V8gEHYPH
uhG7ToNGm4n,2024Oct,EK5V8gEHYPH
yeRsYzyfy9t,2024Oct,c0nenJ9EKQz
uhG7ToNGm4n,2024Oct,c0nenJ9EKQz
yeRsYzyfy9t,2024Oct,jNtU64I1RaG
uhG7ToNGm4n,2024Oct,jNtU64I1RaG
yeRsYzyfy9t,2024Oct,S8DmkDGvfKA
uhG7ToNGm4n,2024Oct,S8DmkDGvfKA
yeRsYzyfy9t,2024Oct,RLGOV7MCVrF
uhG7ToNGm4n,2024Oct,RLGOV7MCVrF
yeRsYzyfy9t,2024Oct,SGNvThVISKr
uhG7ToNGm4n,2024Oct,SGNvThVISKr
yeRsYzyfy9t,2024Oct,DeBA55gXcy3
uhG7ToNGm4n,2024Oct,DeBA55gXcy3
yeRsYzyfy9t,2024Oct,iJuMQQ1wnUf
uhG7ToNGm4n,2024Oct,iJuMQQ1wnUf
yeRsYzyfy9t,2024Oct,CeuDnHicKrF
uhG7ToNGm4n,2024Oct,CeuDnHicKrF
yeRsYzyfy9t,2024Oct,G5xBaxUTA1Q
uhG7ToNGm4n,2024Oct,G5xBaxUTA1Q
yeRsYzyfy9t,2024Oct,SJyG6PfeF6l
uhG7ToNGm4n,2024Oct,SJyG6PfeF6l
yeRsYzyfy9t,2024Oct,IsCSXOSWFSn
uhG7ToNGm4n,2024Oct,IsCSXOSWFSn
yeRsYzyfy9t,2024Oct,JgmjEkK0toj
uhG7ToNGm4n,2024Oct,JgmjEkK0toj
yeRsYzyfy9t,2024Oct,LOtNQ2NFIgT
uhG7ToNGm4n,2024Oct,LOtNQ2NFIgT
Iw0ZlK2LyWs,2024Oct,EK5V8gEHYPH
PA3sRzMsxwH,2024Oct,EK5V8gEHYPH
Iw0ZlK2LyWs,2024Oct,c0nenJ9EKQz
PA3sRzMsxwH,2024Oct,c0nenJ9EKQz
Iw0ZlK2LyWs,2024Oct,jNtU64I1RaG
PA3sRzMsxwH,2024Oct,jNtU64I1RaG
Iw0ZlK2LyWs,2024Oct,S8DmkDGvfKA
PA3sRzMsxwH,2024Oct,S8DmkDGvfKA
Iw0ZlK2LyWs,2024Oct,RLGOV7MCVrF
PA3sRzMsxwH,2024Oct,RLGOV7MCVrF
Iw0ZlK2LyWs,2024Oct,SGNvThVISKr
PA3sRzMsxwH,2024Oct,SGNvThVISKr
Iw0ZlK2LyWs,2024Oct,DeBA55gXcy3
PA3sRzMsxwH,2024Oct,DeBA55gXcy3
Iw0ZlK2LyWs,2024Oct,iJuMQQ1wnUf
PA3sRzMsxwH,2024Oct,iJuMQQ1wnUf
Iw0ZlK2LyWs,2024Oct,CeuDnHicKrF
PA3sRzMsxwH,2024Oct,CeuDnHicKrF
Iw0ZlK2LyWs,2024Oct,G5xBaxUTA1Q
PA3sRzMsxwH,2024Oct,G5xBaxUTA1Q
Iw0ZlK2LyWs,2024Oct,SJyG6PfeF6l
PA3sRzMsxwH,2024Oct,SJyG6PfeF6l
Iw0ZlK2LyWs,2024Oct,IsCSXOSWFSn
PA3sRzMsxwH,2024Oct,IsCSXOSWFSn
Iw0ZlK2LyWs,2024Oct,JgmjEkK0toj
PA3sRzMsxwH,2024Oct,JgmjEkK0toj
Iw0ZlK2LyWs,2024Oct,LOtNQ2NFIgT
PA3sRzMsxwH,2024Oct,LOtNQ2NFIgT
zoKiMGRucOY,2024Oct,EK5V8gEHYPH
zoKiMGRucOY,2024Oct,c0nenJ9EKQz
zoKiMGRucOY,2024Oct,jNtU64I1RaG
zoKiMGRucOY,2024Oct,S8DmkDGvfKA
zoKiMGRucOY,2024Oct,RLGOV7MCVrF
zoKiMGRucOY,2024Oct,SGNvThVISKr
zoKiMGRucOY,2024Oct,DeBA55gXcy3
zoKiMGRucOY,2024Oct,iJuMQQ1wnUf
zoKiMGRucOY,2024Oct,CeuDnHicKrF
zoKiMGRucOY,2024Oct,G5xBaxUTA1Q
zoKiMGRucOY,2024Oct,SJyG6PfeF6l
zoKiMGRucOY,2024Oct,IsCSXOSWFSn
zoKiMGRucOY,2024Oct,JgmjEkK0toj
zoKiMGRucOY,2024Oct,LOtNQ2NFIgT
qFyJH6fUPQk,2024Oct,hvgp9xnuUrx
qFyJH6fUPQk,2024Oct,X5WOZxTBU2j
qFyJH6fUPQk,2024Oct,etnBr84tFtJ
qFyJH6fUPQk,2024Oct,mkXXjV42FM9
qFyJH6fUPQk,2024Oct,EoZ7f4rkx2g
LADGHYIE9m1,2024Oct,dUCNvz8ByrS
LADGHYIE9m1,2024Oct,wbJ9Nh2jqUG
LADGHYIE9m1,2024Oct,VCEoYHLyTxk
LADGHYIE9m1,2024Oct,FyhQbdBMM1p
LADGHYIE9m1,2024Oct,fCiy8R7Dv9x
P3AT3zcyRhU,2024Oct,dUCNvz8ByrS
P3AT3zcyRhU,2024Oct,wbJ9Nh2jqUG
P3AT3zcyRhU,2024Oct,VCEoYHLyTxk
P3AT3zcyRhU,2024Oct,FyhQbdBMM1p
P3AT3zcyRhU,2024Oct,fCiy8R7Dv9x
bwlf1Jfww0L,2024Oct,hvgp9xnuUrx
GlyNHRiJTOu,2024Oct,hvgp9xnuUrx
bwlf1Jfww0L,2024Oct,X5WOZxTBU2j
GlyNHRiJTOu,2024Oct,X5WOZxTBU2j
bwlf1Jfww0L,2024Oct,etnBr84tFtJ
GlyNHRiJTOu,2024Oct,etnBr84tFtJ
bwlf1Jfww0L,2024Oct,mkXXjV42FM9
GlyNHRiJTOu,2024Oct,mkXXjV42FM9
bwlf1Jfww0L,2024Oct,EoZ7f4rkx2g
GlyNHRiJTOu,2024Oct,EoZ7f4rkx2g
lXqlw8UxoqF,2024Oct,hvgp9xnuUrx
gdHE7Kk9Q1k,2024Oct,hvgp9xnuUrx
lXqlw8UxoqF,2024Oct,X5WOZxTBU2j
gdHE7Kk9Q1k,2024Oct,X5WOZxTBU2j
lXqlw8UxoqF,2024Oct,etnBr84tFtJ
gdHE7Kk9Q1k,2024Oct,etnBr84tFtJ
lXqlw8UxoqF,2024Oct,mkXXjV42FM9
gdHE7Kk9Q1k,2024Oct,mkXXjV42FM9
lXqlw8UxoqF,2024Oct,EoZ7f4rkx2g
gdHE7Kk9Q1k,2024Oct,EoZ7f4rkx2g
wDWUutgeEX8,2024Oct,hvgp9xnuUrx
VRgwEePUvdD,2024Oct,hvgp9xnuUrx
wDWUutgeEX8,2024Oct,X5WOZxTBU2j
VRgwEePUvdD,2024Oct,X5WOZxTBU2j
wDWUutgeEX8,2024Oct,etnBr84tFtJ
VRgwEePUvdD,2024Oct,etnBr84tFtJ
wDWUutgeEX8,2024Oct,mkXXjV42FM9
VRgwEePUvdD,2024Oct,mkXXjV42FM9
wDWUutgeEX8,2024Oct,EoZ7f4rkx2g
VRgwEePUvdD,2024Oct,EoZ7f4rkx2g
OLbhrUez4dP,2024Oct,dUCNvz8ByrS
uIqAr4ev05I,2024Oct,dUCNvz8ByrS
OLbhrUez4dP,2024Oct,wbJ9Nh2jqUG
uIqAr4ev05I,2024Oct,wbJ9Nh2jqUG
OLbhrUez4dP,2024Oct,VCEoYHLyTxk
uIqAr4ev05I,2024Oct,VCEoYHLyTxk
OLbhrUez4dP,2024Oct,FyhQbdBMM1p
uIqAr4ev05I,2024Oct,FyhQbdBMM1p
OLbhrUez4dP,2024Oct,fCiy8R7Dv9x
uIqAr4ev05I,2024Oct,fCiy8R7Dv9x
ktZYUSS0Zjo,2024Oct,dUCNvz8ByrS
SyQHN3Jpcww,2024Oct,dUCNvz8ByrS
ktZYUSS0Zjo,2024Oct,wbJ9Nh2jqUG
SyQHN3Jpcww,2024Oct,wbJ9Nh2jqUG
ktZYUSS0Zjo,2024Oct,VCEoYHLyTxk
SyQHN3Jpcww,2024Oct,VCEoYHLyTxk
ktZYUSS0Zjo,2024Oct,FyhQbdBMM1p
SyQHN3Jpcww,2024Oct,FyhQbdBMM1p
ktZYUSS0Zjo,2024Oct,fCiy8R7Dv9x
SyQHN3Jpcww,2024Oct,fCiy8R7Dv9x
P9OjdVVMHMW,2024Oct,dUCNvz8ByrS
ZYB5AHSw7Tm,2024Oct,dUCNvz8ByrS
P9OjdVVMHMW,2024Oct,wbJ9Nh2jqUG
ZYB5AHSw7Tm,2024Oct,wbJ9Nh2jqUG
P9OjdVVMHMW,2024Oct,VCEoYHLyTxk
ZYB5AHSw7Tm,2024Oct,VCEoYHLyTxk
P9OjdVVMHMW,2024Oct,FyhQbdBMM1p
ZYB5AHSw7Tm,2024Oct,FyhQbdBMM1p
P9OjdVVMHMW,2024Oct,fCiy8R7Dv9x
ZYB5AHSw7Tm,2024Oct,fCiy8R7Dv9x
tGtB1nLnQjC,2024Oct,dUCNvz8ByrS
Qshwh8ZOmYD,2024Oct,dUCNvz8ByrS
tGtB1nLnQjC,2024Oct,wbJ9Nh2jqUG
Qshwh8ZOmYD,2024Oct,wbJ9Nh2jqUG
tGtB1nLnQjC,2024Oct,VCEoYHLyTxk
Qshwh8ZOmYD,2024Oct,VCEoYHLyTxk
tGtB1nLnQjC,2024Oct,FyhQbdBMM1p
Qshwh8ZOmYD,2024Oct,FyhQbdBMM1p
tGtB1nLnQjC,2024Oct,fCiy8R7Dv9x
Qshwh8ZOmYD,2024Oct,fCiy8R7Dv9x
ef1o9r1kDIH,2024Oct,YtrkH2Xrb12
MA4lEpgzAxS,2024Oct,YtrkH2Xrb12
ef1o9r1kDIH,2024Oct,i8VDE8xLSWJ
MA4lEpgzAxS,2024Oct,i8VDE8xLSWJ
ef1o9r1kDIH,2024Oct,NMYN9FAPqWa
MA4lEpgzAxS,2024Oct,NMYN9FAPqWa
ef1o9r1kDIH,2024Oct,xYyVHiXrvSi
MA4lEpgzAxS,2024Oct,xYyVHiXrvSi
ef1o9r1kDIH,2024Oct,vvV2d1YvSSA
MA4lEpgzAxS,2024Oct,vvV2d1YvSSA
ef1o9r1kDIH,2024Oct,moJTjWdUcXY
MA4lEpgzAxS,2024Oct,moJTjWdUcXY
ef1o9r1kDIH,2024Oct,kkkbGchekdj
MA4lEpgzAxS,2024Oct,kkkbGchekdj
ef1o9r1kDIH,2024Oct,qyNXQhzWglM
MA4lEpgzAxS,2024Oct,qyNXQhzWglM
ef1o9r1kDIH,2024Oct,nEKvoyX7K7X
MA4lEpgzAxS,2024Oct,nEKvoyX7K7X
ef1o9r1kDIH,2024Oct,KnvSi171hvx
MA4lEpgzAxS,2024Oct,KnvSi171hvx
y42bZItNsea,2024Oct,dUCNvz8ByrS
uZ2UTVh2wkJ,2024Oct,dUCNvz8ByrS
y42bZItNsea,2024Oct,wbJ9Nh2jqUG
uZ2UTVh2wkJ,2024Oct,wbJ9Nh2jqUG
y42bZItNsea,2024Oct,VCEoYHLyTxk
uZ2UTVh2wkJ,2024Oct,VCEoYHLyTxk
y42bZItNsea,2024Oct,FyhQbdBMM1p
uZ2UTVh2wkJ,2024Oct,FyhQbdBMM1p
y42bZItNsea,2024Oct,fCiy8R7Dv9x
uZ2UTVh2wkJ,2024Oct,fCiy8R7Dv9x
qL1qysWLZoq,2024Oct,hvgp9xnuUrx
Hx5jjGAdVsT,2024Oct,hvgp9xnuUrx
qL1qysWLZoq,2024Oct,X5WOZxTBU2j
Hx5jjGAdVsT,2024Oct,X5WOZxTBU2j
qL1qysWLZoq,2024Oct,etnBr84tFtJ
Hx5jjGAdVsT,2024Oct,etnBr84tFtJ
qL1qysWLZoq,2024Oct,mkXXjV42FM9
Hx5jjGAdVsT,2024Oct,mkXXjV42FM9
qL1qysWLZoq,2024Oct,EoZ7f4rkx2g
Hx5jjGAdVsT,2024Oct,EoZ7f4rkx2g
jdFCj4dEvIK,2023Oct,K6aPgqbrbhh
jdFCj4dEvIK,2023Oct,QCqgJdAp5R4
jdFCj4dEvIK,2023Oct,MeHh1HGwg0n
jdFCj4dEvIK,2023Oct,XJH7o39LWF3
jdFCj4dEvIK,2023Oct,hGOFA5WjwRK
thhkv2dmiuc,2023Oct,FgFQzNUApeh
thhkv2dmiuc,2023Oct,dAySogrlCXQ
thhkv2dmiuc,2023Oct,CFh0Qj68FsZ
thhkv2dmiuc,2023Oct,SRQUW8X26ms
thhkv2dmiuc,2023Oct,fmS8SI46bef
thhkv2dmiuc,2023Oct,FGjeZwPXXwX
thhkv2dmiuc,2023Oct,GCEvgu9Q3eu
thhkv2dmiuc,2023Oct,F3wn95cgE1Z
thhkv2dmiuc,2023Oct,eUsGZNIEXzV
thhkv2dmiuc,2023Oct,Wo5W5msKnSl
thhkv2dmiuc,2023Oct,s2Ct9dmwEbP
thhkv2dmiuc,2023Oct,nil7WOojNcU
thhkv2dmiuc,2023Oct,YxOl2INB4tH
thhkv2dmiuc,2023Oct,gLooizzAAgz
thhkv2dmiuc,2023Oct,e8RKx1RNM1H
jaX3SUTcIki,2023Oct,AZaaTopriO2
jaX3SUTcIki,2023Oct,BbEDCGwKcSF
jaX3SUTcIki,2023Oct,BPUn17y407Y
jaX3SUTcIki,2023Oct,ZCadUK0u2Ck
jaX3SUTcIki,2023Oct,KC6IPmS3LYc
LvwJYdp0Jmr,2023Oct,fta0JtNlyWr
LvwJYdp0Jmr,2023Oct,HjSoOWZgbMx
LvwJYdp0Jmr,2023Oct,hrbCVBqjija
LvwJYdp0Jmr,2023Oct,qjhg5HkcRE5
LvwJYdp0Jmr,2023Oct,oTwR14S1qcf
LvwJYdp0Jmr,2023Oct,wUB2U7Sen6o
LvwJYdp0Jmr,2023Oct,RhHqhPY2j2W
LvwJYdp0Jmr,2023Oct,WNjKteoP1Av
LvwJYdp0Jmr,2023Oct,SR9hKxvt8vz
LvwJYdp0Jmr,2023Oct,MpaODCEKdbV
f10j57Ifd7k,2024Oct,K6aPgqbrbhh
bu3sosk4HWn,2024Oct,K6aPgqbrbhh
f10j57Ifd7k,2024Oct,QCqgJdAp5R4
bu3sosk4HWn,2024Oct,QCqgJdAp5R4
f10j57Ifd7k,2024Oct,MeHh1HGwg0n
bu3sosk4HWn,2024Oct,MeHh1HGwg0n
f10j57Ifd7k,2024Oct,XJH7o39LWF3
bu3sosk4HWn,2024Oct,XJH7o39LWF3
f10j57Ifd7k,2024Oct,hGOFA5WjwRK
bu3sosk4HWn,2024Oct,hGOFA5WjwRK
jdFCj4dEvIK,2024Oct,K6aPgqbrbhh
jdFCj4dEvIK,2024Oct,QCqgJdAp5R4
jdFCj4dEvIK,2024Oct,MeHh1HGwg0n
jdFCj4dEvIK,2024Oct,XJH7o39LWF3
jdFCj4dEvIK,2024Oct,hGOFA5WjwRK
Qdn0vmNSflO,2024Oct,FgFQzNUApeh
mfYq3HGUIX3,2024Oct,FgFQzNUApeh
Qdn0vmNSflO,2024Oct,dAySogrlCXQ
mfYq3HGUIX3,2024Oct,dAySogrlCXQ
Qdn0vmNSflO,2024Oct,CFh0Qj68FsZ
mfYq3HGUIX3,2024Oct,CFh0Qj68FsZ
Qdn0vmNSflO,2024Oct,SRQUW8X26ms
mfYq3HGUIX3,2024Oct,SRQUW8X26ms
Qdn0vmNSflO,2024Oct,fmS8SI46bef
mfYq3HGUIX3,2024Oct,fmS8SI46bef
Qdn0vmNSflO,2024Oct,FGjeZwPXXwX
mfYq3HGUIX3,2024Oct,FGjeZwPXXwX
Qdn0vmNSflO,2024Oct,GCEvgu9Q3eu
mfYq3HGUIX3,2024Oct,GCEvgu9Q3eu
Qdn0vmNSflO,2024Oct,F3wn95cgE1Z
mfYq3HGUIX3,2024Oct,F3wn95cgE1Z
Qdn0vmNSflO,2024Oct,eUsGZNIEXzV
mfYq3HGUIX3,2024Oct,eUsGZNIEXzV
Qdn0vmNSflO,2024Oct,Wo5W5msKnSl
mfYq3HGUIX3,2024Oct,Wo5W5msKnSl
Qdn0vmNSflO,2024Oct,s2Ct9dmwEbP
mfYq3HGUIX3,2024Oct,s2Ct9dmwEbP
Qdn0vmNSflO,2024Oct,nil7WOojNcU
mfYq3HGUIX3,2024Oct,nil7WOojNcU
Qdn0vmNSflO,2024Oct,YxOl2INB4tH
mfYq3HGUIX3,2024Oct,YxOl2INB4tH
Qdn0vmNSflO,2024Oct,gLooizzAAgz
mfYq3HGUIX3,2024Oct,gLooizzAAgz
Qdn0vmNSflO,2024Oct,e8RKx1RNM1H
mfYq3HGUIX3,2024Oct,e8RKx1RNM1H
thhkv2dmiuc,2024Oct,FgFQzNUApeh
thhkv2dmiuc,2024Oct,dAySogrlCXQ
thhkv2dmiuc,2024Oct,CFh0Qj68FsZ
thhkv2dmiuc,2024Oct,SRQUW8X26ms
thhkv2dmiuc,2024Oct,fmS8SI46bef
thhkv2dmiuc,2024Oct,FGjeZwPXXwX
thhkv2dmiuc,2024Oct,GCEvgu9Q3eu
thhkv2dmiuc,2024Oct,F3wn95cgE1Z
thhkv2dmiuc,2024Oct,eUsGZNIEXzV
thhkv2dmiuc,2024Oct,Wo5W5msKnSl
thhkv2dmiuc,2024Oct,s2Ct9dmwEbP
thhkv2dmiuc,2024Oct,nil7WOojNcU
thhkv2dmiuc,2024Oct,YxOl2INB4tH
thhkv2dmiuc,2024Oct,gLooizzAAgz
thhkv2dmiuc,2024Oct,e8RKx1RNM1H
qesr9meNVYc,2024Oct,u7efOW2NnOz
vsudHZwmvb2,2024Oct,u7efOW2NnOz
qesr9meNVYc,2024Oct,mJxpXwpC7xl
vsudHZwmvb2,2024Oct,mJxpXwpC7xl
qesr9meNVYc,2024Oct,I5AiItqG0Y8
vsudHZwmvb2,2024Oct,I5AiItqG0Y8
qesr9meNVYc,2024Oct,oiURod0Smao
vsudHZwmvb2,2024Oct,oiURod0Smao
qesr9meNVYc,2024Oct,CMDwOR56E2Q
vsudHZwmvb2,2024Oct,CMDwOR56E2Q
qesr9meNVYc,2024Oct,HIffs9FHoBG
vsudHZwmvb2,2024Oct,HIffs9FHoBG
qesr9meNVYc,2024Oct,S3BPqHKkw7B
vsudHZwmvb2,2024Oct,S3BPqHKkw7B
qesr9meNVYc,2024Oct,veCy3j3kArg
vsudHZwmvb2,2024Oct,veCy3j3kArg
qesr9meNVYc,2024Oct,pRhhr5kacCR
vsudHZwmvb2,2024Oct,pRhhr5kacCR
qesr9meNVYc,2024Oct,aW8LDdg5Mha
vsudHZwmvb2,2024Oct,aW8LDdg5Mha
jaX3SUTcIki,2024Oct,AZaaTopriO2
jaX3SUTcIki,2024Oct,BbEDCGwKcSF
jaX3SUTcIki,2024Oct,BPUn17y407Y
jaX3SUTcIki,2024Oct,ZCadUK0u2Ck
jaX3SUTcIki,2024Oct,KC6IPmS3LYc
LvwJYdp0Jmr,2024Oct,fta0JtNlyWr
LvwJYdp0Jmr,2024Oct,HjSoOWZgbMx
LvwJYdp0Jmr,2024Oct,hrbCVBqjija
LvwJYdp0Jmr,2024Oct,qjhg5HkcRE5
LvwJYdp0Jmr,2024Oct,oTwR14S1qcf
LvwJYdp0Jmr,2024Oct,wUB2U7Sen6o
LvwJYdp0Jmr,2024Oct,RhHqhPY2j2W
LvwJYdp0Jmr,2024Oct,WNjKteoP1Av
LvwJYdp0Jmr,2024Oct,SR9hKxvt8vz
LvwJYdp0Jmr,2024Oct,MpaODCEKdbV
dd2WtJJxFYj,2024Oct,maBTMThSmRd
CrhtWrSnb2D,2024Oct,maBTMThSmRd
dd2WtJJxFYj,2024Oct,GRulwl9knbH
CrhtWrSnb2D,2024Oct,GRulwl9knbH
dd2WtJJxFYj,2024Oct,a6ky2XInkBZ
CrhtWrSnb2D,2024Oct,a6ky2XInkBZ
dd2WtJJxFYj,2024Oct,N3k63N68lDm
CrhtWrSnb2D,2024Oct,N3k63N68lDm
dd2WtJJxFYj,2024Oct,IiOH0hHldzI
CrhtWrSnb2D,2024Oct,IiOH0hHldzI
dd2WtJJxFYj,2024Oct,ZHaWrHNvJ9Z
CrhtWrSnb2D,2024Oct,ZHaWrHNvJ9Z
dd2WtJJxFYj,2024Oct,IASeI8TnAQg
CrhtWrSnb2D,2024Oct,IASeI8TnAQg
dd2WtJJxFYj,2024Oct,strHbTwDojw
CrhtWrSnb2D,2024Oct,strHbTwDojw
dd2WtJJxFYj,2024Oct,ixd1a6PiUJa
CrhtWrSnb2D,2024Oct,ixd1a6PiUJa
dd2WtJJxFYj,2024Oct,w93EsoB0JOH
CrhtWrSnb2D,2024Oct,w93EsoB0JOH
aXwcGB1xILs,2024Oct,ZbSWILn2hXE
pEQUH1BXyEt,2024Oct,ZbSWILn2hXE
aXwcGB1xILs,2024Oct,jyJZv3BM4VF
pEQUH1BXyEt,2024Oct,jyJZv3BM4VF
eeYmLTvWk8k,2024Oct,DWZgJTKGiia
OLbVI34nrpu,2024Oct,DWZgJTKGiia
eeYmLTvWk8k,2024Oct,EEsbQYZ3xOL
OLbVI34nrpu,2024Oct,EEsbQYZ3xOL
eeYmLTvWk8k,2024Oct,R9InFSboXtR
OLbVI34nrpu,2024Oct,R9InFSboXtR
eeYmLTvWk8k,2024Oct,UWh9ZYF98Iy
OLbVI34nrpu,2024Oct,UWh9ZYF98Iy
eeYmLTvWk8k,2024Oct,sAMgBm0yL1n
OLbVI34nrpu,2024Oct,sAMgBm0yL1n
eeYmLTvWk8k,2024Oct,OQ87whoenrg
OLbVI34nrpu,2024Oct,OQ87whoenrg
eeYmLTvWk8k,2024Oct,jtXsyfmyURY
OLbVI34nrpu,2024Oct,jtXsyfmyURY
eeYmLTvWk8k,2024Oct,IBuKIWJmOp9
OLbVI34nrpu,2024Oct,IBuKIWJmOp9
eeYmLTvWk8k,2024Oct,kvAWUzl6RFt
OLbVI34nrpu,2024Oct,kvAWUzl6RFt
eeYmLTvWk8k,2024Oct,ZKobUVrvlkO
OLbVI34nrpu,2024Oct,ZKobUVrvlkO
eeYmLTvWk8k,2024Oct,fIguGW4YFJ3
OLbVI34nrpu,2024Oct,fIguGW4YFJ3
eeYmLTvWk8k,2024Oct,MDIBMxbuwR3
OLbVI34nrpu,2024Oct,MDIBMxbuwR3
tqP00nubcdo,2024Oct,MTFWtg1uWzp
VkrrexUefpS,2024Oct,MTFWtg1uWzp
tqP00nubcdo,2024Oct,sMO6HtjLlvN
VkrrexUefpS,2024Oct,sMO6HtjLlvN
tqP00nubcdo,2024Oct,z08ZaV4mCxA
VkrrexUefpS,2024Oct,z08ZaV4mCxA
tqP00nubcdo,2024Oct,b22pTOqGk5J
VkrrexUefpS,2024Oct,b22pTOqGk5J
tqP00nubcdo,2024Oct,aadhTvNEimS
VkrrexUefpS,2024Oct,aadhTvNEimS
tqP00nubcdo,2024Oct,t5YSqitkhoS
VkrrexUefpS,2024Oct,t5YSqitkhoS
tqP00nubcdo,2024Oct,aM2bz3GMWYL
VkrrexUefpS,2024Oct,aM2bz3GMWYL
tqP00nubcdo,2024Oct,o4yVL1rqnVb
VkrrexUefpS,2024Oct,o4yVL1rqnVb
tqP00nubcdo,2024Oct,HyGl3CKz9n0
VkrrexUefpS,2024Oct,HyGl3CKz9n0
tqP00nubcdo,2024Oct,ib1wZ4GEWUo
VkrrexUefpS,2024Oct,ib1wZ4GEWUo
tqP00nubcdo,2024Oct,qTiUlMAg1X7
VkrrexUefpS,2024Oct,qTiUlMAg1X7
tqP00nubcdo,2024Oct,uzaJ04qaB9U
VkrrexUefpS,2024Oct,uzaJ04qaB9U
tqP00nubcdo,2024Oct,iVQM0imYRwL
VkrrexUefpS,2024Oct,iVQM0imYRwL
tqP00nubcdo,2024Oct,rytfhOG2kBs
VkrrexUefpS,2024Oct,rytfhOG2kBs
tqP00nubcdo,2024Oct,CNiltuv6rgA
VkrrexUefpS,2024Oct,CNiltuv6rgA
tqP00nubcdo,2024Oct,kIvykribSKv
VkrrexUefpS,2024Oct,kIvykribSKv
tqP00nubcdo,2024Oct,oVdkzlFcuTE
VkrrexUefpS,2024Oct,oVdkzlFcuTE
tqP00nubcdo,2024Oct,qVwX8yRlaQj
VkrrexUefpS,2024Oct,qVwX8yRlaQj
tqP00nubcdo,2024Oct,HDbP7ZMvCq0
VkrrexUefpS,2024Oct,HDbP7ZMvCq0
tqP00nubcdo,2024Oct,hyZUcUIrg0b
VkrrexUefpS,2024Oct,hyZUcUIrg0b
tqP00nubcdo,2024Oct,YAIqpUJ4wFj
VkrrexUefpS,2024Oct,YAIqpUJ4wFj
tqP00nubcdo,2024Oct,zUOGAfbDZGo
VkrrexUefpS,2024Oct,zUOGAfbDZGo
tqP00nubcdo,2024Oct,UbRNFuQrSJU
VkrrexUefpS,2024Oct,UbRNFuQrSJU
tqP00nubcdo,2024Oct,xfA04UUlddv
VkrrexUefpS,2024Oct,xfA04UUlddv
tqP00nubcdo,2024Oct,TotJTAvXar4
VkrrexUefpS,2024Oct,TotJTAvXar4
tqP00nubcdo,2024Oct,QsK6g3SKFPq
VkrrexUefpS,2024Oct,QsK6g3SKFPq
tqP00nubcdo,2024Oct,ImhaXBHVX8B
VkrrexUefpS,2024Oct,ImhaXBHVX8B
tqP00nubcdo,2024Oct,nLfUtOIjCE6
VkrrexUefpS,2024Oct,nLfUtOIjCE6
tqP00nubcdo,2024Oct,sJAkGRqmtRX
VkrrexUefpS,2024Oct,sJAkGRqmtRX
tqP00nubcdo,2024Oct,AHVkV0ioej1
VkrrexUefpS,2024Oct,AHVkV0ioej1
tqP00nubcdo,2024Oct,yFdFOVRP6nZ
VkrrexUefpS,2024Oct,yFdFOVRP6nZ
tqP00nubcdo,2024Oct,GD2R7Zu2JcU
VkrrexUefpS,2024Oct,GD2R7Zu2JcU
tqP00nubcdo,2024Oct,ChmaqCVVSba
VkrrexUefpS,2024Oct,ChmaqCVVSba
tqP00nubcdo,2024Oct,gZNo9TYxWUf
VkrrexUefpS,2024Oct,gZNo9TYxWUf
tqP00nubcdo,2024Oct,Fb0kidq2ufJ
VkrrexUefpS,2024Oct,Fb0kidq2ufJ
tqP00nubcdo,2024Oct,LBdaPfkzvWi
VkrrexUefpS,2024Oct,LBdaPfkzvWi
hJeWl5XjzgM,2024Oct,LlRBcxVDQRZ
VVixfmL4Try,2024Oct,LlRBcxVDQRZ
hJeWl5XjzgM,2024Oct,N9Iy3YXQNgM
VVixfmL4Try,2024Oct,N9Iy3YXQNgM
hJeWl5XjzgM,2024Oct,XvxSz0N4oF0
VVixfmL4Try,2024Oct,XvxSz0N4oF0
hJeWl5XjzgM,2024Oct,tideQbVvH1p
VVixfmL4Try,2024Oct,tideQbVvH1p
hJeWl5XjzgM,2024Oct,PGuX6F5xjpt
VVixfmL4Try,2024Oct,PGuX6F5xjpt
hJeWl5XjzgM,2024Oct,eQX52kIvaxE
VVixfmL4Try,2024Oct,eQX52kIvaxE
hJeWl5XjzgM,2024Oct,NvLlgBRXauX
VVixfmL4Try,2024Oct,NvLlgBRXauX
hJeWl5XjzgM,2024Oct,RtnGT0TuFUt
VVixfmL4Try,2024Oct,RtnGT0TuFUt
hJeWl5XjzgM,2024Oct,AT5eEKlB4H2
VVixfmL4Try,2024Oct,AT5eEKlB4H2
hJeWl5XjzgM,2024Oct,UEMPJAej2y0
VVixfmL4Try,2024Oct,UEMPJAej2y0
hJeWl5XjzgM,2024Oct,uIzABhhI0nk
VVixfmL4Try,2024Oct,uIzABhhI0nk
hJeWl5XjzgM,2024Oct,korHTqf7ewU
VVixfmL4Try,2024Oct,korHTqf7ewU
hJeWl5XjzgM,2024Oct,KSdiBhIajzP
VVixfmL4Try,2024Oct,KSdiBhIajzP
hJeWl5XjzgM,2024Oct,HqRirT9qOkN
VVixfmL4Try,2024Oct,HqRirT9qOkN
hJeWl5XjzgM,2024Oct,asKavjgn8jy
VVixfmL4Try,2024Oct,asKavjgn8jy
hJeWl5XjzgM,2024Oct,IH7yWTIwo2Q
VVixfmL4Try,2024Oct,IH7yWTIwo2Q
hJeWl5XjzgM,2024Oct,zcQMhHjF5z8
VVixfmL4Try,2024Oct,zcQMhHjF5z8
hJeWl5XjzgM,2024Oct,bOpn8sfvfts
VVixfmL4Try,2024Oct,bOpn8sfvfts
hJeWl5XjzgM,2024Oct,wiWobg0DRuh
VVixfmL4Try,2024Oct,wiWobg0DRuh
hJeWl5XjzgM,2024Oct,keOlKnli4PN
VVixfmL4Try,2024Oct,keOlKnli4PN
hJeWl5XjzgM,2024Oct,DBQ7IAu0GIx
VVixfmL4Try,2024Oct,DBQ7IAu0GIx
hJeWl5XjzgM,2024Oct,UMg7EMudbOF
VVixfmL4Try,2024Oct,UMg7EMudbOF
hJeWl5XjzgM,2024Oct,nPvAcvHhW0A
VVixfmL4Try,2024Oct,nPvAcvHhW0A
hJeWl5XjzgM,2024Oct,x7VAmVQ8oOV
VVixfmL4Try,2024Oct,x7VAmVQ8oOV
SSun4i7nHlV,2023Oct,mekECTmX3PI
SSun4i7nHlV,2023Oct,F7tVWi2xkLA
SSun4i7nHlV,2023Oct,eP36X3LAvm0
SSun4i7nHlV,2023Oct,Ish2YOKdtWr
ZayJeEa6pCa,2023Oct,mekECTmX3PI
ZayJeEa6pCa,2023Oct,F7tVWi2xkLA
ZayJeEa6pCa,2023Oct,eP36X3LAvm0
ZayJeEa6pCa,2023Oct,Ish2YOKdtWr
ZayJeEa6pCa,2024Oct,mekECTmX3PI
ZayJeEa6pCa,2024Oct,F7tVWi2xkLA
ZayJeEa6pCa,2024Oct,eP36X3LAvm0
ZayJeEa6pCa,2024Oct,Ish2YOKdtWr
SSun4i7nHlV,2024Oct,mekECTmX3PI
SSun4i7nHlV,2024Oct,F7tVWi2xkLA
SSun4i7nHlV,2024Oct,eP36X3LAvm0
SSun4i7nHlV,2024Oct,Ish2YOKdtWr
jCfFnI5DZST,2024Oct,Z8yxD3gI0zy
xlSW2W3YGtk,2024Oct,Z8yxD3gI0zy
jCfFnI5DZST,2024Oct,ET9QmuwxAT3
xlSW2W3YGtk,2024Oct,ET9QmuwxAT3
jCfFnI5DZST,2024Oct,wwX9m2ZDd3D
xlSW2W3YGtk,2024Oct,wwX9m2ZDd3D
jCfFnI5DZST,2024Oct,KhTn4VQIQHf
xlSW2W3YGtk,2024Oct,KhTn4VQIQHf
jCfFnI5DZST,2024Oct,TfUmQbJs4MQ
xlSW2W3YGtk,2024Oct,TfUmQbJs4MQ
jCfFnI5DZST,2024Oct,gquIA7jhsP9
xlSW2W3YGtk,2024Oct,gquIA7jhsP9
jCfFnI5DZST,2024Oct,K1y6gfJS29m
xlSW2W3YGtk,2024Oct,K1y6gfJS29m
jCfFnI5DZST,2024Oct,k5phJc80j99
xlSW2W3YGtk,2024Oct,k5phJc80j99
jCfFnI5DZST,2024Oct,fkmAo2UinN6
xlSW2W3YGtk,2024Oct,fkmAo2UinN6
jCfFnI5DZST,2024Oct,OP7jS18h6C3
xlSW2W3YGtk,2024Oct,OP7jS18h6C3
jCfFnI5DZST,2024Oct,o1laeJsekhb
xlSW2W3YGtk,2024Oct,o1laeJsekhb
jCfFnI5DZST,2024Oct,kZHCmGWZ6Vk
xlSW2W3YGtk,2024Oct,kZHCmGWZ6Vk
rXV784LlUQ4,2024Oct,HJMtDZW0Hi3
DjW93zhi4zZ,2024Oct,HJMtDZW0Hi3
rXV784LlUQ4,2024Oct,Ey47Ac3tvSE
DjW93zhi4zZ,2024Oct,Ey47Ac3tvSE
rXV784LlUQ4,2024Oct,ksCtpuRzbK1
DjW93zhi4zZ,2024Oct,ksCtpuRzbK1
rXV784LlUQ4,2024Oct,rMvGILmz0Ym
DjW93zhi4zZ,2024Oct,rMvGILmz0Ym
rXV784LlUQ4,2024Oct,qzsFZGyZj0w
DjW93zhi4zZ,2024Oct,qzsFZGyZj0w
rXV784LlUQ4,2024Oct,uYcKzsYJnRx
DjW93zhi4zZ,2024Oct,uYcKzsYJnRx
rXV784LlUQ4,2024Oct,f7SONPLrqRI
DjW93zhi4zZ,2024Oct,f7SONPLrqRI
rXV784LlUQ4,2024Oct,rYeNS1k83kw
DjW93zhi4zZ,2024Oct,rYeNS1k83kw
agoURWZyPpn,2024Oct,HJMtDZW0Hi3
G7SQxPyGfFo,2024Oct,HJMtDZW0Hi3
agoURWZyPpn,2024Oct,Ey47Ac3tvSE
G7SQxPyGfFo,2024Oct,Ey47Ac3tvSE
agoURWZyPpn,2024Oct,ksCtpuRzbK1
G7SQxPyGfFo,2024Oct,ksCtpuRzbK1
agoURWZyPpn,2024Oct,rMvGILmz0Ym
G7SQxPyGfFo,2024Oct,rMvGILmz0Ym
agoURWZyPpn,2024Oct,qzsFZGyZj0w
G7SQxPyGfFo,2024Oct,qzsFZGyZj0w
agoURWZyPpn,2024Oct,uYcKzsYJnRx
G7SQxPyGfFo,2024Oct,uYcKzsYJnRx
agoURWZyPpn,2024Oct,f7SONPLrqRI
G7SQxPyGfFo,2024Oct,f7SONPLrqRI
agoURWZyPpn,2024Oct,rYeNS1k83kw
G7SQxPyGfFo,2024Oct,rYeNS1k83kw
DNuQYS2nIPf,2024Oct,lPTcDrFQvNI
ovFwBkjVLZA,2024Oct,lPTcDrFQvNI
DNuQYS2nIPf,2024Oct,L4z4Z3aYqZU
ovFwBkjVLZA,2024Oct,L4z4Z3aYqZU
DNuQYS2nIPf,2024Oct,IkDovdUSdP3
ovFwBkjVLZA,2024Oct,IkDovdUSdP3
DNuQYS2nIPf,2024Oct,loXOPQNyriL
ovFwBkjVLZA,2024Oct,loXOPQNyriL
DNuQYS2nIPf,2024Oct,zFBuVAq3q1F
ovFwBkjVLZA,2024Oct,zFBuVAq3q1F
DNuQYS2nIPf,2024Oct,L2fXHpQBpko
ovFwBkjVLZA,2024Oct,L2fXHpQBpko
DNuQYS2nIPf,2024Oct,byFtYvdmZVq
ovFwBkjVLZA,2024Oct,byFtYvdmZVq
DNuQYS2nIPf,2024Oct,xRG6b9bifin
ovFwBkjVLZA,2024Oct,xRG6b9bifin
U0WZIWZ2oLm,2024Oct,iVQM0imYRwL
hAX7DTwvdQS,2024Oct,iVQM0imYRwL
U0WZIWZ2oLm,2024Oct,rytfhOG2kBs
hAX7DTwvdQS,2024Oct,rytfhOG2kBs
U0WZIWZ2oLm,2024Oct,CNiltuv6rgA
hAX7DTwvdQS,2024Oct,CNiltuv6rgA
U0WZIWZ2oLm,2024Oct,kIvykribSKv
hAX7DTwvdQS,2024Oct,kIvykribSKv
U0WZIWZ2oLm,2024Oct,oVdkzlFcuTE
hAX7DTwvdQS,2024Oct,oVdkzlFcuTE
U0WZIWZ2oLm,2024Oct,qVwX8yRlaQj
hAX7DTwvdQS,2024Oct,qVwX8yRlaQj
U0WZIWZ2oLm,2024Oct,HDbP7ZMvCq0
hAX7DTwvdQS,2024Oct,HDbP7ZMvCq0
U0WZIWZ2oLm,2024Oct,hyZUcUIrg0b
hAX7DTwvdQS,2024Oct,hyZUcUIrg0b
U0WZIWZ2oLm,2024Oct,YAIqpUJ4wFj
hAX7DTwvdQS,2024Oct,YAIqpUJ4wFj
U0WZIWZ2oLm,2024Oct,zUOGAfbDZGo
hAX7DTwvdQS,2024Oct,zUOGAfbDZGo
U0WZIWZ2oLm,2024Oct,UbRNFuQrSJU
hAX7DTwvdQS,2024Oct,UbRNFuQrSJU
U0WZIWZ2oLm,2024Oct,xfA04UUlddv
hAX7DTwvdQS,2024Oct,xfA04UUlddv
U0WZIWZ2oLm,2024Oct,TotJTAvXar4
hAX7DTwvdQS,2024Oct,TotJTAvXar4
U0WZIWZ2oLm,2024Oct,QsK6g3SKFPq
hAX7DTwvdQS,2024Oct,QsK6g3SKFPq
U0WZIWZ2oLm,2024Oct,ImhaXBHVX8B
hAX7DTwvdQS,2024Oct,ImhaXBHVX8B
U0WZIWZ2oLm,2024Oct,nLfUtOIjCE6
hAX7DTwvdQS,2024Oct,nLfUtOIjCE6
U0WZIWZ2oLm,2024Oct,sJAkGRqmtRX
hAX7DTwvdQS,2024Oct,sJAkGRqmtRX
U0WZIWZ2oLm,2024Oct,AHVkV0ioej1
hAX7DTwvdQS,2024Oct,AHVkV0ioej1
U0WZIWZ2oLm,2024Oct,yFdFOVRP6nZ
hAX7DTwvdQS,2024Oct,yFdFOVRP6nZ
U0WZIWZ2oLm,2024Oct,GD2R7Zu2JcU
hAX7DTwvdQS,2024Oct,GD2R7Zu2JcU
U0WZIWZ2oLm,2024Oct,ChmaqCVVSba
hAX7DTwvdQS,2024Oct,ChmaqCVVSba
U0WZIWZ2oLm,2024Oct,gZNo9TYxWUf
hAX7DTwvdQS,2024Oct,gZNo9TYxWUf
U0WZIWZ2oLm,2024Oct,Fb0kidq2ufJ
hAX7DTwvdQS,2024Oct,Fb0kidq2ufJ
U0WZIWZ2oLm,2024Oct,LBdaPfkzvWi
hAX7DTwvdQS,2024Oct,LBdaPfkzvWi
QPXR0jhU2zo,2024Oct,t1EwN3LMHWO
OeY8AsZ6vWL,2024Oct,t1EwN3LMHWO
QPXR0jhU2zo,2024Oct,CPez1HZJrvQ
OeY8AsZ6vWL,2024Oct,CPez1HZJrvQ
QPXR0jhU2zo,2024Oct,ZKkeOLADBwy
OeY8AsZ6vWL,2024Oct,ZKkeOLADBwy
QPXR0jhU2zo,2024Oct,UpJDTuLdPAy
OeY8AsZ6vWL,2024Oct,UpJDTuLdPAy
QPXR0jhU2zo,2024Oct,CSCd4SnOaQH
OeY8AsZ6vWL,2024Oct,CSCd4SnOaQH
QPXR0jhU2zo,2024Oct,uFF2JbAGZy7
OeY8AsZ6vWL,2024Oct,uFF2JbAGZy7
QPXR0jhU2zo,2024Oct,hUQndtnqiX0
OeY8AsZ6vWL,2024Oct,hUQndtnqiX0
QPXR0jhU2zo,2024Oct,d7TgqF2Cp02
OeY8AsZ6vWL,2024Oct,d7TgqF2Cp02
QPXR0jhU2zo,2024Oct,DmnGVhc0p5Q
OeY8AsZ6vWL,2024Oct,DmnGVhc0p5Q
QPXR0jhU2zo,2024Oct,LrC3Cm5o6Sc
OeY8AsZ6vWL,2024Oct,LrC3Cm5o6Sc
QPXR0jhU2zo,2024Oct,rWNPEQCETeT
OeY8AsZ6vWL,2024Oct,rWNPEQCETeT
QPXR0jhU2zo,2024Oct,fXl4WztEwxV
OeY8AsZ6vWL,2024Oct,fXl4WztEwxV
QPXR0jhU2zo,2024Oct,QqSTuRxBgvJ
OeY8AsZ6vWL,2024Oct,QqSTuRxBgvJ
QPXR0jhU2zo,2024Oct,vBjJoVvRohO
OeY8AsZ6vWL,2024Oct,vBjJoVvRohO
QPXR0jhU2zo,2024Oct,MrxuaYOnlWh
OeY8AsZ6vWL,2024Oct,MrxuaYOnlWh
QPXR0jhU2zo,2024Oct,TF5Q5RAyWme
OeY8AsZ6vWL,2024Oct,TF5Q5RAyWme
QPXR0jhU2zo,2024Oct,SISQbQHInlT
OeY8AsZ6vWL,2024Oct,SISQbQHInlT
QPXR0jhU2zo,2024Oct,QcFdRzqeXXp
OeY8AsZ6vWL,2024Oct,QcFdRzqeXXp
QPXR0jhU2zo,2024Oct,OiYlXuTHdPy
OeY8AsZ6vWL,2024Oct,OiYlXuTHdPy
QPXR0jhU2zo,2024Oct,U5D7oXnxzQ7
OeY8AsZ6vWL,2024Oct,U5D7oXnxzQ7
QPXR0jhU2zo,2024Oct,O45ThFCR08x
OeY8AsZ6vWL,2024Oct,O45ThFCR08x
QPXR0jhU2zo,2024Oct,CPO3ELLJveR
OeY8AsZ6vWL,2024Oct,CPO3ELLJveR
QPXR0jhU2zo,2024Oct,cwzvmC8JFjD
OeY8AsZ6vWL,2024Oct,cwzvmC8JFjD
QPXR0jhU2zo,2024Oct,WuK4Pajy3TI
OeY8AsZ6vWL,2024Oct,WuK4Pajy3TI
E8v5iyap5SV,2024Oct,t1EwN3LMHWO
jeNpjmy1XaX,2024Oct,t1EwN3LMHWO
E8v5iyap5SV,2024Oct,CPez1HZJrvQ
jeNpjmy1XaX,2024Oct,CPez1HZJrvQ
E8v5iyap5SV,2024Oct,ZKkeOLADBwy
jeNpjmy1XaX,2024Oct,ZKkeOLADBwy
E8v5iyap5SV,2024Oct,UpJDTuLdPAy
jeNpjmy1XaX,2024Oct,UpJDTuLdPAy
E8v5iyap5SV,2024Oct,CSCd4SnOaQH
jeNpjmy1XaX,2024Oct,CSCd4SnOaQH
E8v5iyap5SV,2024Oct,uFF2JbAGZy7
jeNpjmy1XaX,2024Oct,uFF2JbAGZy7
E8v5iyap5SV,2024Oct,hUQndtnqiX0
jeNpjmy1XaX,2024Oct,hUQndtnqiX0
E8v5iyap5SV,2024Oct,d7TgqF2Cp02
jeNpjmy1XaX,2024Oct,d7TgqF2Cp02
E8v5iyap5SV,2024Oct,DmnGVhc0p5Q
jeNpjmy1XaX,2024Oct,DmnGVhc0p5Q
E8v5iyap5SV,2024Oct,LrC3Cm5o6Sc
jeNpjmy1XaX,2024Oct,LrC3Cm5o6Sc
E8v5iyap5SV,2024Oct,rWNPEQCETeT
jeNpjmy1XaX,2024Oct,rWNPEQCETeT
E8v5iyap5SV,2024Oct,fXl4WztEwxV
jeNpjmy1XaX,2024Oct,fXl4WztEwxV
E8v5iyap5SV,2024Oct,QqSTuRxBgvJ
jeNpjmy1XaX,2024Oct,QqSTuRxBgvJ
E8v5iyap5SV,2024Oct,vBjJoVvRohO
jeNpjmy1XaX,2024Oct,vBjJoVvRohO
E8v5iyap5SV,2024Oct,MrxuaYOnlWh
jeNpjmy1XaX,2024Oct,MrxuaYOnlWh
E8v5iyap5SV,2024Oct,TF5Q5RAyWme
jeNpjmy1XaX,2024Oct,TF5Q5RAyWme
E8v5iyap5SV,2024Oct,SISQbQHInlT
jeNpjmy1XaX,2024Oct,SISQbQHInlT
E8v5iyap5SV,2024Oct,QcFdRzqeXXp
jeNpjmy1XaX,2024Oct,QcFdRzqeXXp
E8v5iyap5SV,2024Oct,OiYlXuTHdPy
jeNpjmy1XaX,2024Oct,OiYlXuTHdPy
E8v5iyap5SV,2024Oct,U5D7oXnxzQ7
jeNpjmy1XaX,2024Oct,U5D7oXnxzQ7
E8v5iyap5SV,2024Oct,O45ThFCR08x
jeNpjmy1XaX,2024Oct,O45ThFCR08x
E8v5iyap5SV,2024Oct,CPO3ELLJveR
jeNpjmy1XaX,2024Oct,CPO3ELLJveR
E8v5iyap5SV,2024Oct,cwzvmC8JFjD
jeNpjmy1XaX,2024Oct,cwzvmC8JFjD
E8v5iyap5SV,2024Oct,WuK4Pajy3TI
jeNpjmy1XaX,2024Oct,WuK4Pajy3TI
JDdf06ZTwyz,2024Oct,t1EwN3LMHWO
Jky7p2XOCNk,2024Oct,t1EwN3LMHWO
JDdf06ZTwyz,2024Oct,CPez1HZJrvQ
Jky7p2XOCNk,2024Oct,CPez1HZJrvQ
JDdf06ZTwyz,2024Oct,ZKkeOLADBwy
Jky7p2XOCNk,2024Oct,ZKkeOLADBwy
JDdf06ZTwyz,2024Oct,UpJDTuLdPAy
Jky7p2XOCNk,2024Oct,UpJDTuLdPAy
JDdf06ZTwyz,2024Oct,CSCd4SnOaQH
Jky7p2XOCNk,2024Oct,CSCd4SnOaQH
JDdf06ZTwyz,2024Oct,uFF2JbAGZy7
Jky7p2XOCNk,2024Oct,uFF2JbAGZy7
JDdf06ZTwyz,2024Oct,hUQndtnqiX0
Jky7p2XOCNk,2024Oct,hUQndtnqiX0
JDdf06ZTwyz,2024Oct,d7TgqF2Cp02
Jky7p2XOCNk,2024Oct,d7TgqF2Cp02
JDdf06ZTwyz,2024Oct,DmnGVhc0p5Q
Jky7p2XOCNk,2024Oct,DmnGVhc0p5Q
JDdf06ZTwyz,2024Oct,LrC3Cm5o6Sc
Jky7p2XOCNk,2024Oct,LrC3Cm5o6Sc
JDdf06ZTwyz,2024Oct,rWNPEQCETeT
Jky7p2XOCNk,2024Oct,rWNPEQCETeT
JDdf06ZTwyz,2024Oct,fXl4WztEwxV
Jky7p2XOCNk,2024Oct,fXl4WztEwxV
JDdf06ZTwyz,2024Oct,QqSTuRxBgvJ
Jky7p2XOCNk,2024Oct,QqSTuRxBgvJ
JDdf06ZTwyz,2024Oct,vBjJoVvRohO
Jky7p2XOCNk,2024Oct,vBjJoVvRohO
JDdf06ZTwyz,2024Oct,MrxuaYOnlWh
Jky7p2XOCNk,2024Oct,MrxuaYOnlWh
JDdf06ZTwyz,2024Oct,TF5Q5RAyWme
Jky7p2XOCNk,2024Oct,TF5Q5RAyWme
JDdf06ZTwyz,2024Oct,SISQbQHInlT
Jky7p2XOCNk,2024Oct,SISQbQHInlT
JDdf06ZTwyz,2024Oct,QcFdRzqeXXp
Jky7p2XOCNk,2024Oct,QcFdRzqeXXp
JDdf06ZTwyz,2024Oct,OiYlXuTHdPy
Jky7p2XOCNk,2024Oct,OiYlXuTHdPy
JDdf06ZTwyz,2024Oct,U5D7oXnxzQ7
Jky7p2XOCNk,2024Oct,U5D7oXnxzQ7
JDdf06ZTwyz,2024Oct,O45ThFCR08x
Jky7p2XOCNk,2024Oct,O45ThFCR08x
JDdf06ZTwyz,2024Oct,CPO3ELLJveR
Jky7p2XOCNk,2024Oct,CPO3ELLJveR
JDdf06ZTwyz,2024Oct,cwzvmC8JFjD
Jky7p2XOCNk,2024Oct,cwzvmC8JFjD
JDdf06ZTwyz,2024Oct,WuK4Pajy3TI
Jky7p2XOCNk,2024Oct,WuK4Pajy3TI
X1sIFjE7Zf5,2024Oct,t1EwN3LMHWO
b1643s4qxZA,2024Oct,t1EwN3LMHWO
X1sIFjE7Zf5,2024Oct,CPez1HZJrvQ
b1643s4qxZA,2024Oct,CPez1HZJrvQ
X1sIFjE7Zf5,2024Oct,ZKkeOLADBwy
b1643s4qxZA,2024Oct,ZKkeOLADBwy
X1sIFjE7Zf5,2024Oct,UpJDTuLdPAy
b1643s4qxZA,2024Oct,UpJDTuLdPAy
X1sIFjE7Zf5,2024Oct,CSCd4SnOaQH
b1643s4qxZA,2024Oct,CSCd4SnOaQH
X1sIFjE7Zf5,2024Oct,uFF2JbAGZy7
b1643s4qxZA,2024Oct,uFF2JbAGZy7
X1sIFjE7Zf5,2024Oct,hUQndtnqiX0
b1643s4qxZA,2024Oct,hUQndtnqiX0
X1sIFjE7Zf5,2024Oct,d7TgqF2Cp02
b1643s4qxZA,2024Oct,d7TgqF2Cp02
X1sIFjE7Zf5,2024Oct,DmnGVhc0p5Q
b1643s4qxZA,2024Oct,DmnGVhc0p5Q
X1sIFjE7Zf5,2024Oct,LrC3Cm5o6Sc
b1643s4qxZA,2024Oct,LrC3Cm5o6Sc
X1sIFjE7Zf5,2024Oct,rWNPEQCETeT
b1643s4qxZA,2024Oct,rWNPEQCETeT
X1sIFjE7Zf5,2024Oct,fXl4WztEwxV
b1643s4qxZA,2024Oct,fXl4WztEwxV
X1sIFjE7Zf5,2024Oct,QqSTuRxBgvJ
b1643s4qxZA,2024Oct,QqSTuRxBgvJ
X1sIFjE7Zf5,2024Oct,vBjJoVvRohO
b1643s4qxZA,2024Oct,vBjJoVvRohO
X1sIFjE7Zf5,2024Oct,MrxuaYOnlWh
b1643s4qxZA,2024Oct,MrxuaYOnlWh
X1sIFjE7Zf5,2024Oct,TF5Q5RAyWme
b1643s4qxZA,2024Oct,TF5Q5RAyWme
X1sIFjE7Zf5,2024Oct,SISQbQHInlT
b1643s4qxZA,2024Oct,SISQbQHInlT
X1sIFjE7Zf5,2024Oct,QcFdRzqeXXp
b1643s4qxZA,2024Oct,QcFdRzqeXXp
X1sIFjE7Zf5,2024Oct,OiYlXuTHdPy
b1643s4qxZA,2024Oct,OiYlXuTHdPy
X1sIFjE7Zf5,2024Oct,U5D7oXnxzQ7
b1643s4qxZA,2024Oct,U5D7oXnxzQ7
X1sIFjE7Zf5,2024Oct,O45ThFCR08x
b1643s4qxZA,2024Oct,O45ThFCR08x
X1sIFjE7Zf5,2024Oct,CPO3ELLJveR
b1643s4qxZA,2024Oct,CPO3ELLJveR
X1sIFjE7Zf5,2024Oct,cwzvmC8JFjD
b1643s4qxZA,2024Oct,cwzvmC8JFjD
X1sIFjE7Zf5,2024Oct,WuK4Pajy3TI
b1643s4qxZA,2024Oct,WuK4Pajy3TI
r9N46a1q942,2024Oct,QoTOWtrqplq
NcMMbbymtij,2024Oct,QoTOWtrqplq
r9N46a1q942,2024Oct,fb1obLTVGJP
NcMMbbymtij,2024Oct,fb1obLTVGJP
r9N46a1q942,2024Oct,OvNoo8adPWg
NcMMbbymtij,2024Oct,OvNoo8adPWg
r9N46a1q942,2024Oct,K5qkqZ7MyVH
NcMMbbymtij,2024Oct,K5qkqZ7MyVH
r9N46a1q942,2024Oct,yIRSK1trrSw
NcMMbbymtij,2024Oct,yIRSK1trrSw
r9N46a1q942,2024Oct,b525dwmnqCT
NcMMbbymtij,2024Oct,b525dwmnqCT
r9N46a1q942,2024Oct,Cjvs14BxI4s
NcMMbbymtij,2024Oct,Cjvs14BxI4s
r9N46a1q942,2024Oct,KAUx9elzgpv
NcMMbbymtij,2024Oct,KAUx9elzgpv
r9N46a1q942,2024Oct,TYauWugQYce
NcMMbbymtij,2024Oct,TYauWugQYce
r9N46a1q942,2024Oct,ydUveu7bUpz
NcMMbbymtij,2024Oct,ydUveu7bUpz
SsqfZeIs1Va,2024Oct,vesmV87DGW2
p17Oj2I1PVH,2024Oct,vesmV87DGW2
SsqfZeIs1Va,2024Oct,CRYhgMO0rZi
p17Oj2I1PVH,2024Oct,CRYhgMO0rZi
SsqfZeIs1Va,2024Oct,c5rQM9zKTwy
p17Oj2I1PVH,2024Oct,c5rQM9zKTwy
SsqfZeIs1Va,2024Oct,olUUuGjqjCX
p17Oj2I1PVH,2024Oct,olUUuGjqjCX
SsqfZeIs1Va,2024Oct,kHGq2gG4JlC
p17Oj2I1PVH,2024Oct,kHGq2gG4JlC
SsqfZeIs1Va,2024Oct,B2BZHb8fVst
p17Oj2I1PVH,2024Oct,B2BZHb8fVst
SsqfZeIs1Va,2024Oct,pBiRYxfDxUP
p17Oj2I1PVH,2024Oct,pBiRYxfDxUP
SsqfZeIs1Va,2024Oct,yebsclLMX2N
p17Oj2I1PVH,2024Oct,yebsclLMX2N
hfR9r70Fk99,2024Oct,AIinrAmIaZR
wQ5XOuU0LVH,2024Oct,AIinrAmIaZR
hfR9r70Fk99,2024Oct,ih8F8Y1LQLi
wQ5XOuU0LVH,2024Oct,ih8F8Y1LQLi
BeEA8PsZ8Ky,2024Oct,qBj9XLbUigZ
DcQet8tM3my,2024Oct,qBj9XLbUigZ
BeEA8PsZ8Ky,2024Oct,VyeN2c8Zdi4
DcQet8tM3my,2024Oct,VyeN2c8Zdi4
BeEA8PsZ8Ky,2024Oct,vsVKGzHxDua
DcQet8tM3my,2024Oct,vsVKGzHxDua
BeEA8PsZ8Ky,2024Oct,SZ3D287on4h
DcQet8tM3my,2024Oct,SZ3D287on4h
BeEA8PsZ8Ky,2024Oct,yxdKq1ZC8fS
DcQet8tM3my,2024Oct,yxdKq1ZC8fS
BeEA8PsZ8Ky,2024Oct,NrvW7I8iYbo
DcQet8tM3my,2024Oct,NrvW7I8iYbo
BeEA8PsZ8Ky,2024Oct,DFLZuSpRYKv
DcQet8tM3my,2024Oct,DFLZuSpRYKv
BeEA8PsZ8Ky,2024Oct,u53iyNLwf4u
DcQet8tM3my,2024Oct,u53iyNLwf4u
BeEA8PsZ8Ky,2024Oct,qEv2Oi1bHsp
DcQet8tM3my,2024Oct,qEv2Oi1bHsp
BeEA8PsZ8Ky,2024Oct,zpOXupkpl7i
DcQet8tM3my,2024Oct,zpOXupkpl7i
BeEA8PsZ8Ky,2024Oct,BpjQgbuhZoo
DcQet8tM3my,2024Oct,BpjQgbuhZoo
BeEA8PsZ8Ky,2024Oct,Y9GhVNf8jUd
DcQet8tM3my,2024Oct,Y9GhVNf8jUd
BeEA8PsZ8Ky,2024Oct,KcI8l7j9oeX
DcQet8tM3my,2024Oct,KcI8l7j9oeX
BeEA8PsZ8Ky,2024Oct,JURc3Uxzcr9
DcQet8tM3my,2024Oct,JURc3Uxzcr9
BeEA8PsZ8Ky,2024Oct,kCzjNAGH5GY
DcQet8tM3my,2024Oct,kCzjNAGH5GY
BeEA8PsZ8Ky,2024Oct,rktDV3ZuQjl
DcQet8tM3my,2024Oct,rktDV3ZuQjl
L3qltmjNtSr,2024Oct,Xv6ZMiURjVZ
HUgQMmRVHMS,2024Oct,Xv6ZMiURjVZ
L3qltmjNtSr,2024Oct,Y0MK3PE36YK
HUgQMmRVHMS,2024Oct,Y0MK3PE36YK
L3qltmjNtSr,2024Oct,PfHtmL4yADC
HUgQMmRVHMS,2024Oct,PfHtmL4yADC
L3qltmjNtSr,2024Oct,VmO1fBERJN4
HUgQMmRVHMS,2024Oct,VmO1fBERJN4
L3qltmjNtSr,2024Oct,QYTmqxS3J7V
HUgQMmRVHMS,2024Oct,QYTmqxS3J7V
L3qltmjNtSr,2024Oct,kc10dvR6FAl
HUgQMmRVHMS,2024Oct,kc10dvR6FAl
L3qltmjNtSr,2024Oct,BvP0eqfI80l
HUgQMmRVHMS,2024Oct,BvP0eqfI80l
L3qltmjNtSr,2024Oct,Q99DeXG9LPH
HUgQMmRVHMS,2024Oct,Q99DeXG9LPH
DA7uTAScxxi,2024Oct,Xv6ZMiURjVZ
MdqPezsikDr,2024Oct,Xv6ZMiURjVZ
DA7uTAScxxi,2024Oct,Y0MK3PE36YK
MdqPezsikDr,2024Oct,Y0MK3PE36YK
DA7uTAScxxi,2024Oct,PfHtmL4yADC
MdqPezsikDr,2024Oct,PfHtmL4yADC
DA7uTAScxxi,2024Oct,VmO1fBERJN4
MdqPezsikDr,2024Oct,VmO1fBERJN4
DA7uTAScxxi,2024Oct,QYTmqxS3J7V
MdqPezsikDr,2024Oct,QYTmqxS3J7V
DA7uTAScxxi,2024Oct,kc10dvR6FAl
MdqPezsikDr,2024Oct,kc10dvR6FAl
DA7uTAScxxi,2024Oct,BvP0eqfI80l
MdqPezsikDr,2024Oct,BvP0eqfI80l
DA7uTAScxxi,2024Oct,Q99DeXG9LPH
MdqPezsikDr,2024Oct,Q99DeXG9LPH
LpkXILJwnmO,2024Oct,QoTOWtrqplq
HV0zRuYnuv8,2024Oct,QoTOWtrqplq
LpkXILJwnmO,2024Oct,fb1obLTVGJP
HV0zRuYnuv8,2024Oct,fb1obLTVGJP
LpkXILJwnmO,2024Oct,OvNoo8adPWg
HV0zRuYnuv8,2024Oct,OvNoo8adPWg
LpkXILJwnmO,2024Oct,K5qkqZ7MyVH
HV0zRuYnuv8,2024Oct,K5qkqZ7MyVH
LpkXILJwnmO,2024Oct,yIRSK1trrSw
HV0zRuYnuv8,2024Oct,yIRSK1trrSw
LpkXILJwnmO,2024Oct,b525dwmnqCT
HV0zRuYnuv8,2024Oct,b525dwmnqCT
LpkXILJwnmO,2024Oct,Cjvs14BxI4s
HV0zRuYnuv8,2024Oct,Cjvs14BxI4s
LpkXILJwnmO,2024Oct,KAUx9elzgpv
HV0zRuYnuv8,2024Oct,KAUx9elzgpv
LpkXILJwnmO,2024Oct,TYauWugQYce
HV0zRuYnuv8,2024Oct,TYauWugQYce
LpkXILJwnmO,2024Oct,ydUveu7bUpz
HV0zRuYnuv8,2024Oct,ydUveu7bUpz
j3NQAv8Fe3v,2024Oct,eLKSu5nXw5A
DsIC5hZsqDF,2024Oct,eLKSu5nXw5A
j3NQAv8Fe3v,2024Oct,sH5bdRaliri
DsIC5hZsqDF,2024Oct,sH5bdRaliri
NbvZdpPzNf6,2024Oct,GvCz2USXpQ8
ZTN9wn0OQt1,2024Oct,GvCz2USXpQ8
NbvZdpPzNf6,2024Oct,xfeVf0PZLY6
ZTN9wn0OQt1,2024Oct,xfeVf0PZLY6
NbvZdpPzNf6,2024Oct,MwTEm9r6Jp5
ZTN9wn0OQt1,2024Oct,MwTEm9r6Jp5
NbvZdpPzNf6,2024Oct,huQRo9G52l7
ZTN9wn0OQt1,2024Oct,huQRo9G52l7
HVzzfyVVIs1,2024Oct,NVkxJFn3sBm
Qk8HjZeOBom,2024Oct,NVkxJFn3sBm
HVzzfyVVIs1,2024Oct,S8dARTBMJy8
Qk8HjZeOBom,2024Oct,S8dARTBMJy8
HVzzfyVVIs1,2024Oct,sk6Jos2G0Qt
Qk8HjZeOBom,2024Oct,sk6Jos2G0Qt
HVzzfyVVIs1,2024Oct,yJNgCqRK9RH
Qk8HjZeOBom,2024Oct,yJNgCqRK9RH
HVzzfyVVIs1,2024Oct,k3txRv5EtKf
Qk8HjZeOBom,2024Oct,k3txRv5EtKf
HVzzfyVVIs1,2024Oct,xQ4kQEvWoxO
Qk8HjZeOBom,2024Oct,xQ4kQEvWoxO
HVzzfyVVIs1,2024Oct,iJdeK2OzRMv
Qk8HjZeOBom,2024Oct,iJdeK2OzRMv
HVzzfyVVIs1,2024Oct,aqENQmOScjV
Qk8HjZeOBom,2024Oct,aqENQmOScjV
HVzzfyVVIs1,2024Oct,dy4xY8uaXc2
Qk8HjZeOBom,2024Oct,dy4xY8uaXc2
HVzzfyVVIs1,2024Oct,L5Td16LsrwX
Qk8HjZeOBom,2024Oct,L5Td16LsrwX
HVzzfyVVIs1,2024Oct,A9LYJZjm9un
Qk8HjZeOBom,2024Oct,A9LYJZjm9un
HVzzfyVVIs1,2024Oct,fCqqcaVvarJ
Qk8HjZeOBom,2024Oct,fCqqcaVvarJ
cx8hxarh4Ke,2024Oct,BLOnmKVtcjf
TIuD9nSQAd9,2024Oct,BLOnmKVtcjf
cx8hxarh4Ke,2024Oct,zGw1aKV55UG
TIuD9nSQAd9,2024Oct,zGw1aKV55UG
HVzzfyVVIs1,2024Oct,O0kP2eiwXr0
Qk8HjZeOBom,2024Oct,O0kP2eiwXr0
HVzzfyVVIs1,2024Oct,rTico1He4D7
Qk8HjZeOBom,2024Oct,rTico1He4D7
HVzzfyVVIs1,2024Oct,aZRN9kD6ocJ
Qk8HjZeOBom,2024Oct,aZRN9kD6ocJ
HVzzfyVVIs1,2024Oct,rSB0QMg1KYT
Qk8HjZeOBom,2024Oct,rSB0QMg1KYT
HVzzfyVVIs1,2024Oct,zozAnZkqv7o
Qk8HjZeOBom,2024Oct,zozAnZkqv7o
HVzzfyVVIs1,2024Oct,ZcN9mCvsjBd
Qk8HjZeOBom,2024Oct,ZcN9mCvsjBd
HVzzfyVVIs1,2024Oct,jr005I3fIgL
Qk8HjZeOBom,2024Oct,jr005I3fIgL
HVzzfyVVIs1,2024Oct,AXsTYP110IT
Qk8HjZeOBom,2024Oct,AXsTYP110IT
HVzzfyVVIs1,2024Oct,pAREPN3TOau
Qk8HjZeOBom,2024Oct,pAREPN3TOau
HVzzfyVVIs1,2024Oct,FBiIJPaJ2dN
Qk8HjZeOBom,2024Oct,FBiIJPaJ2dN
HVzzfyVVIs1,2024Oct,t5LwvchZVUq
Qk8HjZeOBom,2024Oct,t5LwvchZVUq
HVzzfyVVIs1,2024Oct,o0KgFZlzhOW
Qk8HjZeOBom,2024Oct,o0KgFZlzhOW
cx8hxarh4Ke,2024Oct,fP28wpo8of7
TIuD9nSQAd9,2024Oct,fP28wpo8of7
cx8hxarh4Ke,2024Oct,zKGHyYv0aah
TIuD9nSQAd9,2024Oct,zKGHyYv0aah
TqpIEl7LfV7,2024Oct,HllvX50cXC0
Tp792ZiaQed,2024Oct,HllvX50cXC0
N4sS65QUOP3,2024Oct,rslp7ddiBzy
XUtNKyPozHq,2024Oct,rslp7ddiBzy
N4sS65QUOP3,2024Oct,Cieg8r0FOGJ
XUtNKyPozHq,2024Oct,Cieg8r0FOGJ
HO5wSDKttn3,2024Oct,eg7Tetrg4af
HO5wSDKttn3,2024Oct,tQQYAbqAxaS
HO5wSDKttn3,2024Oct,j7NA6fNFAiV
HO5wSDKttn3,2024Oct,cor1v3mAV5W
tSYnSvSK200,2024Oct,jkqtBKdknGw
tSYnSvSK200,2024Oct,UqNc5Jy6fwJ
tSYnSvSK200,2024Oct,mKpEXw40p6r
tSYnSvSK200,2024Oct,AFsWxo6443z
ctGo7s0K63z,2023Oct,bHhcxwpICvc
ctGo7s0K63z,2023Oct,pKlxpSVb56h
gG0fbMLqEB5,2024Oct,bHhcxwpICvc
KJZrqS4XcJ2,2024Oct,bHhcxwpICvc
gG0fbMLqEB5,2024Oct,pKlxpSVb56h
KJZrqS4XcJ2,2024Oct,pKlxpSVb56h
ctGo7s0K63z,2024Oct,bHhcxwpICvc
ctGo7s0K63z,2024Oct,pKlxpSVb56h
hmTKCv0EtgT,2025Oct,EK5V8gEHYPH
hmTKCv0EtgT,2025Oct,c0nenJ9EKQz
hmTKCv0EtgT,2025Oct,jNtU64I1RaG
hmTKCv0EtgT,2025Oct,S8DmkDGvfKA
hmTKCv0EtgT,2025Oct,RLGOV7MCVrF
hmTKCv0EtgT,2025Oct,SGNvThVISKr
hmTKCv0EtgT,2025Oct,DeBA55gXcy3
hmTKCv0EtgT,2025Oct,iJuMQQ1wnUf
hmTKCv0EtgT,2025Oct,CeuDnHicKrF
hmTKCv0EtgT,2025Oct,G5xBaxUTA1Q
hmTKCv0EtgT,2025Oct,SJyG6PfeF6l
hmTKCv0EtgT,2025Oct,IsCSXOSWFSn
hmTKCv0EtgT,2025Oct,JgmjEkK0toj
hmTKCv0EtgT,2025Oct,LOtNQ2NFIgT
iwSejvD8cXl,2025Oct,EK5V8gEHYPH
iwSejvD8cXl,2025Oct,c0nenJ9EKQz
iwSejvD8cXl,2025Oct,jNtU64I1RaG
iwSejvD8cXl,2025Oct,S8DmkDGvfKA
iwSejvD8cXl,2025Oct,RLGOV7MCVrF
iwSejvD8cXl,2025Oct,SGNvThVISKr
iwSejvD8cXl,2025Oct,DeBA55gXcy3
iwSejvD8cXl,2025Oct,iJuMQQ1wnUf
iwSejvD8cXl,2025Oct,CeuDnHicKrF
iwSejvD8cXl,2025Oct,G5xBaxUTA1Q
iwSejvD8cXl,2025Oct,SJyG6PfeF6l
iwSejvD8cXl,2025Oct,IsCSXOSWFSn
iwSejvD8cXl,2025Oct,JgmjEkK0toj
iwSejvD8cXl,2025Oct,LOtNQ2NFIgT
di4b6joXm84,2025Oct,EK5V8gEHYPH
di4b6joXm84,2025Oct,c0nenJ9EKQz
di4b6joXm84,2025Oct,jNtU64I1RaG
di4b6joXm84,2025Oct,S8DmkDGvfKA
di4b6joXm84,2025Oct,RLGOV7MCVrF
di4b6joXm84,2025Oct,SGNvThVISKr
di4b6joXm84,2025Oct,DeBA55gXcy3
di4b6joXm84,2025Oct,iJuMQQ1wnUf
di4b6joXm84,2025Oct,CeuDnHicKrF
di4b6joXm84,2025Oct,G5xBaxUTA1Q
di4b6joXm84,2025Oct,SJyG6PfeF6l
di4b6joXm84,2025Oct,IsCSXOSWFSn
di4b6joXm84,2025Oct,JgmjEkK0toj
di4b6joXm84,2025Oct,LOtNQ2NFIgT
xghQXueYJxu,2025Oct,EK5V8gEHYPH
xghQXueYJxu,2025Oct,c0nenJ9EKQz
xghQXueYJxu,2025Oct,jNtU64I1RaG
xghQXueYJxu,2025Oct,S8DmkDGvfKA
xghQXueYJxu,2025Oct,RLGOV7MCVrF
xghQXueYJxu,2025Oct,SGNvThVISKr
xghQXueYJxu,2025Oct,DeBA55gXcy3
xghQXueYJxu,2025Oct,iJuMQQ1wnUf
xghQXueYJxu,2025Oct,CeuDnHicKrF
xghQXueYJxu,2025Oct,G5xBaxUTA1Q
xghQXueYJxu,2025Oct,SJyG6PfeF6l
xghQXueYJxu,2025Oct,IsCSXOSWFSn
xghQXueYJxu,2025Oct,JgmjEkK0toj
xghQXueYJxu,2025Oct,LOtNQ2NFIgT
vmfKLKi1NBA,2025Oct,EK5V8gEHYPH
vmfKLKi1NBA,2025Oct,c0nenJ9EKQz
vmfKLKi1NBA,2025Oct,jNtU64I1RaG
vmfKLKi1NBA,2025Oct,S8DmkDGvfKA
vmfKLKi1NBA,2025Oct,RLGOV7MCVrF
vmfKLKi1NBA,2025Oct,SGNvThVISKr
vmfKLKi1NBA,2025Oct,DeBA55gXcy3
vmfKLKi1NBA,2025Oct,iJuMQQ1wnUf
vmfKLKi1NBA,2025Oct,CeuDnHicKrF
vmfKLKi1NBA,2025Oct,G5xBaxUTA1Q
vmfKLKi1NBA,2025Oct,SJyG6PfeF6l
vmfKLKi1NBA,2025Oct,IsCSXOSWFSn
vmfKLKi1NBA,2025Oct,JgmjEkK0toj
vmfKLKi1NBA,2025Oct,LOtNQ2NFIgT
yeRsYzyfy9t,2025Oct,EK5V8gEHYPH
yeRsYzyfy9t,2025Oct,c0nenJ9EKQz
yeRsYzyfy9t,2025Oct,jNtU64I1RaG
yeRsYzyfy9t,2025Oct,S8DmkDGvfKA
yeRsYzyfy9t,2025Oct,RLGOV7MCVrF
yeRsYzyfy9t,2025Oct,SGNvThVISKr
yeRsYzyfy9t,2025Oct,DeBA55gXcy3
yeRsYzyfy9t,2025Oct,iJuMQQ1wnUf
yeRsYzyfy9t,2025Oct,CeuDnHicKrF
yeRsYzyfy9t,2025Oct,G5xBaxUTA1Q
yeRsYzyfy9t,2025Oct,SJyG6PfeF6l
yeRsYzyfy9t,2025Oct,IsCSXOSWFSn
yeRsYzyfy9t,2025Oct,JgmjEkK0toj
yeRsYzyfy9t,2025Oct,LOtNQ2NFIgT
Iw0ZlK2LyWs,2025Oct,EK5V8gEHYPH
Iw0ZlK2LyWs,2025Oct,c0nenJ9EKQz
Iw0ZlK2LyWs,2025Oct,jNtU64I1RaG
Iw0ZlK2LyWs,2025Oct,S8DmkDGvfKA
Iw0ZlK2LyWs,2025Oct,RLGOV7MCVrF
Iw0ZlK2LyWs,2025Oct,SGNvThVISKr
Iw0ZlK2LyWs,2025Oct,DeBA55gXcy3
Iw0ZlK2LyWs,2025Oct,iJuMQQ1wnUf
Iw0ZlK2LyWs,2025Oct,CeuDnHicKrF
Iw0ZlK2LyWs,2025Oct,G5xBaxUTA1Q
Iw0ZlK2LyWs,2025Oct,SJyG6PfeF6l
Iw0ZlK2LyWs,2025Oct,IsCSXOSWFSn
Iw0ZlK2LyWs,2025Oct,JgmjEkK0toj
Iw0ZlK2LyWs,2025Oct,LOtNQ2NFIgT
Qdn0vmNSflO,2025Oct,FGjeZwPXXwX
Qdn0vmNSflO,2025Oct,GCEvgu9Q3eu
Qdn0vmNSflO,2025Oct,F3wn95cgE1Z
Qdn0vmNSflO,2025Oct,eUsGZNIEXzV
Qdn0vmNSflO,2025Oct,Wo5W5msKnSl
dd2WtJJxFYj,2025Oct,maBTMThSmRd
dd2WtJJxFYj,2025Oct,GRulwl9knbH
dd2WtJJxFYj,2025Oct,a6ky2XInkBZ
dd2WtJJxFYj,2025Oct,N3k63N68lDm
dd2WtJJxFYj,2025Oct,IiOH0hHldzI
tqP00nubcdo,2025Oct,iVQM0imYRwL
tqP00nubcdo,2025Oct,rytfhOG2kBs
tqP00nubcdo,2025Oct,CNiltuv6rgA
tqP00nubcdo,2025Oct,kIvykribSKv
tqP00nubcdo,2025Oct,oVdkzlFcuTE
tqP00nubcdo,2025Oct,qVwX8yRlaQj
tqP00nubcdo,2025Oct,HDbP7ZMvCq0
tqP00nubcdo,2025Oct,hyZUcUIrg0b
tqP00nubcdo,2025Oct,YAIqpUJ4wFj
tqP00nubcdo,2025Oct,zUOGAfbDZGo
tqP00nubcdo,2025Oct,UbRNFuQrSJU
tqP00nubcdo,2025Oct,xfA04UUlddv
jCfFnI5DZST,2025Oct,TfUmQbJs4MQ
jCfFnI5DZST,2025Oct,gquIA7jhsP9
jCfFnI5DZST,2025Oct,K1y6gfJS29m
jCfFnI5DZST,2025Oct,k5phJc80j99
U0WZIWZ2oLm,2025Oct,iVQM0imYRwL
U0WZIWZ2oLm,2025Oct,rytfhOG2kBs
U0WZIWZ2oLm,2025Oct,CNiltuv6rgA
U0WZIWZ2oLm,2025Oct,kIvykribSKv
U0WZIWZ2oLm,2025Oct,oVdkzlFcuTE
U0WZIWZ2oLm,2025Oct,qVwX8yRlaQj
U0WZIWZ2oLm,2025Oct,HDbP7ZMvCq0
U0WZIWZ2oLm,2025Oct,hyZUcUIrg0b
U0WZIWZ2oLm,2025Oct,YAIqpUJ4wFj
U0WZIWZ2oLm,2025Oct,zUOGAfbDZGo
U0WZIWZ2oLm,2025Oct,UbRNFuQrSJU
U0WZIWZ2oLm,2025Oct,xfA04UUlddv
QPXR0jhU2zo,2025Oct,t1EwN3LMHWO
QPXR0jhU2zo,2025Oct,CPez1HZJrvQ
QPXR0jhU2zo,2025Oct,ZKkeOLADBwy
QPXR0jhU2zo,2025Oct,UpJDTuLdPAy
QPXR0jhU2zo,2025Oct,CSCd4SnOaQH
QPXR0jhU2zo,2025Oct,uFF2JbAGZy7
QPXR0jhU2zo,2025Oct,hUQndtnqiX0
QPXR0jhU2zo,2025Oct,d7TgqF2Cp02
QPXR0jhU2zo,2025Oct,DmnGVhc0p5Q
QPXR0jhU2zo,2025Oct,LrC3Cm5o6Sc
QPXR0jhU2zo,2025Oct,rWNPEQCETeT
QPXR0jhU2zo,2025Oct,fXl4WztEwxV
E8v5iyap5SV,2025Oct,t1EwN3LMHWO
E8v5iyap5SV,2025Oct,CPez1HZJrvQ
E8v5iyap5SV,2025Oct,ZKkeOLADBwy
E8v5iyap5SV,2025Oct,UpJDTuLdPAy
E8v5iyap5SV,2025Oct,CSCd4SnOaQH
E8v5iyap5SV,2025Oct,uFF2JbAGZy7
E8v5iyap5SV,2025Oct,hUQndtnqiX0
E8v5iyap5SV,2025Oct,d7TgqF2Cp02
E8v5iyap5SV,2025Oct,DmnGVhc0p5Q
E8v5iyap5SV,2025Oct,LrC3Cm5o6Sc
E8v5iyap5SV,2025Oct,rWNPEQCETeT
E8v5iyap5SV,2025Oct,fXl4WztEwxV
JDdf06ZTwyz,2025Oct,t1EwN3LMHWO
JDdf06ZTwyz,2025Oct,CPez1HZJrvQ
JDdf06ZTwyz,2025Oct,ZKkeOLADBwy
JDdf06ZTwyz,2025Oct,UpJDTuLdPAy
JDdf06ZTwyz,2025Oct,CSCd4SnOaQH
JDdf06ZTwyz,2025Oct,uFF2JbAGZy7
JDdf06ZTwyz,2025Oct,hUQndtnqiX0
JDdf06ZTwyz,2025Oct,d7TgqF2Cp02
JDdf06ZTwyz,2025Oct,DmnGVhc0p5Q
JDdf06ZTwyz,2025Oct,LrC3Cm5o6Sc
JDdf06ZTwyz,2025Oct,rWNPEQCETeT
JDdf06ZTwyz,2025Oct,fXl4WztEwxV
X1sIFjE7Zf5,2025Oct,t1EwN3LMHWO
X1sIFjE7Zf5,2025Oct,CPez1HZJrvQ
X1sIFjE7Zf5,2025Oct,ZKkeOLADBwy
X1sIFjE7Zf5,2025Oct,UpJDTuLdPAy
X1sIFjE7Zf5,2025Oct,CSCd4SnOaQH
X1sIFjE7Zf5,2025Oct,uFF2JbAGZy7
X1sIFjE7Zf5,2025Oct,hUQndtnqiX0
X1sIFjE7Zf5,2025Oct,d7TgqF2Cp02
X1sIFjE7Zf5,2025Oct,DmnGVhc0p5Q
X1sIFjE7Zf5,2025Oct,LrC3Cm5o6Sc
X1sIFjE7Zf5,2025Oct,rWNPEQCETeT
X1sIFjE7Zf5,2025Oct,fXl4WztEwxV
SsqfZeIs1Va,2025Oct,vesmV87DGW2
SsqfZeIs1Va,2025Oct,CRYhgMO0rZi
SsqfZeIs1Va,2025Oct,c5rQM9zKTwy
SsqfZeIs1Va,2025Oct,olUUuGjqjCX
SsqfZeIs1Va,2025Oct,kHGq2gG4JlC
SsqfZeIs1Va,2025Oct,B2BZHb8fVst
SsqfZeIs1Va,2025Oct,pBiRYxfDxUP
SsqfZeIs1Va,2025Oct,yebsclLMX2N
r9N46a1q942,2025Oct,QoTOWtrqplq
r9N46a1q942,2025Oct,fb1obLTVGJP
r9N46a1q942,2025Oct,OvNoo8adPWg
r9N46a1q942,2025Oct,K5qkqZ7MyVH
r9N46a1q942,2025Oct,yIRSK1trrSw
r9N46a1q942,2025Oct,b525dwmnqCT
r9N46a1q942,2025Oct,Cjvs14BxI4s
r9N46a1q942,2025Oct,KAUx9elzgpv
r9N46a1q942,2025Oct,TYauWugQYce
r9N46a1q942,2025Oct,ydUveu7bUpz
Qdn0vmNSflO,2025Oct,FgFQzNUApeh
Qdn0vmNSflO,2025Oct,dAySogrlCXQ
Qdn0vmNSflO,2025Oct,CFh0Qj68FsZ
Qdn0vmNSflO,2025Oct,SRQUW8X26ms
Qdn0vmNSflO,2025Oct,fmS8SI46bef
Qdn0vmNSflO,2025Oct,s2Ct9dmwEbP
Qdn0vmNSflO,2025Oct,nil7WOojNcU
Qdn0vmNSflO,2025Oct,YxOl2INB4tH
Qdn0vmNSflO,2025Oct,gLooizzAAgz
Qdn0vmNSflO,2025Oct,e8RKx1RNM1H
qesr9meNVYc,2025Oct,u7efOW2NnOz
qesr9meNVYc,2025Oct,mJxpXwpC7xl
qesr9meNVYc,2025Oct,I5AiItqG0Y8
qesr9meNVYc,2025Oct,oiURod0Smao
qesr9meNVYc,2025Oct,CMDwOR56E2Q
qesr9meNVYc,2025Oct,HIffs9FHoBG
qesr9meNVYc,2025Oct,S3BPqHKkw7B
qesr9meNVYc,2025Oct,veCy3j3kArg
qesr9meNVYc,2025Oct,pRhhr5kacCR
qesr9meNVYc,2025Oct,aW8LDdg5Mha
tqP00nubcdo,2025Oct,MTFWtg1uWzp
tqP00nubcdo,2025Oct,sMO6HtjLlvN
tqP00nubcdo,2025Oct,z08ZaV4mCxA
tqP00nubcdo,2025Oct,b22pTOqGk5J
tqP00nubcdo,2025Oct,aadhTvNEimS
tqP00nubcdo,2025Oct,t5YSqitkhoS
tqP00nubcdo,2025Oct,aM2bz3GMWYL
tqP00nubcdo,2025Oct,o4yVL1rqnVb
tqP00nubcdo,2025Oct,HyGl3CKz9n0
tqP00nubcdo,2025Oct,ib1wZ4GEWUo
tqP00nubcdo,2025Oct,qTiUlMAg1X7
tqP00nubcdo,2025Oct,uzaJ04qaB9U
tqP00nubcdo,2025Oct,TotJTAvXar4
tqP00nubcdo,2025Oct,QsK6g3SKFPq
tqP00nubcdo,2025Oct,ImhaXBHVX8B
tqP00nubcdo,2025Oct,nLfUtOIjCE6
tqP00nubcdo,2025Oct,sJAkGRqmtRX
tqP00nubcdo,2025Oct,AHVkV0ioej1
tqP00nubcdo,2025Oct,yFdFOVRP6nZ
tqP00nubcdo,2025Oct,GD2R7Zu2JcU
tqP00nubcdo,2025Oct,ChmaqCVVSba
tqP00nubcdo,2025Oct,gZNo9TYxWUf
tqP00nubcdo,2025Oct,Fb0kidq2ufJ
tqP00nubcdo,2025Oct,LBdaPfkzvWi
hJeWl5XjzgM,2025Oct,LlRBcxVDQRZ
hJeWl5XjzgM,2025Oct,N9Iy3YXQNgM
hJeWl5XjzgM,2025Oct,XvxSz0N4oF0
hJeWl5XjzgM,2025Oct,tideQbVvH1p
hJeWl5XjzgM,2025Oct,PGuX6F5xjpt
hJeWl5XjzgM,2025Oct,eQX52kIvaxE
hJeWl5XjzgM,2025Oct,NvLlgBRXauX
hJeWl5XjzgM,2025Oct,RtnGT0TuFUt
hJeWl5XjzgM,2025Oct,AT5eEKlB4H2
hJeWl5XjzgM,2025Oct,UEMPJAej2y0
hJeWl5XjzgM,2025Oct,uIzABhhI0nk
hJeWl5XjzgM,2025Oct,korHTqf7ewU
hJeWl5XjzgM,2025Oct,KSdiBhIajzP
hJeWl5XjzgM,2025Oct,HqRirT9qOkN
hJeWl5XjzgM,2025Oct,asKavjgn8jy
hJeWl5XjzgM,2025Oct,IH7yWTIwo2Q
hJeWl5XjzgM,2025Oct,zcQMhHjF5z8
hJeWl5XjzgM,2025Oct,bOpn8sfvfts
hJeWl5XjzgM,2025Oct,wiWobg0DRuh
hJeWl5XjzgM,2025Oct,keOlKnli4PN
hJeWl5XjzgM,2025Oct,DBQ7IAu0GIx
hJeWl5XjzgM,2025Oct,UMg7EMudbOF
hJeWl5XjzgM,2025Oct,nPvAcvHhW0A
hJeWl5XjzgM,2025Oct,x7VAmVQ8oOV
jCfFnI5DZST,2025Oct,Z8yxD3gI0zy
jCfFnI5DZST,2025Oct,ET9QmuwxAT3
jCfFnI5DZST,2025Oct,wwX9m2ZDd3D
jCfFnI5DZST,2025Oct,KhTn4VQIQHf
jCfFnI5DZST,2025Oct,fkmAo2UinN6
jCfFnI5DZST,2025Oct,OP7jS18h6C3
jCfFnI5DZST,2025Oct,o1laeJsekhb
jCfFnI5DZST,2025Oct,kZHCmGWZ6Vk
rXV784LlUQ4,2025Oct,HJMtDZW0Hi3
rXV784LlUQ4,2025Oct,Ey47Ac3tvSE
rXV784LlUQ4,2025Oct,ksCtpuRzbK1
rXV784LlUQ4,2025Oct,rMvGILmz0Ym
rXV784LlUQ4,2025Oct,qzsFZGyZj0w
rXV784LlUQ4,2025Oct,uYcKzsYJnRx
rXV784LlUQ4,2025Oct,f7SONPLrqRI
rXV784LlUQ4,2025Oct,rYeNS1k83kw
agoURWZyPpn,2025Oct,HJMtDZW0Hi3
agoURWZyPpn,2025Oct,Ey47Ac3tvSE
agoURWZyPpn,2025Oct,ksCtpuRzbK1
agoURWZyPpn,2025Oct,rMvGILmz0Ym
agoURWZyPpn,2025Oct,qzsFZGyZj0w
agoURWZyPpn,2025Oct,uYcKzsYJnRx
agoURWZyPpn,2025Oct,f7SONPLrqRI
agoURWZyPpn,2025Oct,rYeNS1k83kw
LpkXILJwnmO,2025Oct,QoTOWtrqplq
LpkXILJwnmO,2025Oct,fb1obLTVGJP
LpkXILJwnmO,2025Oct,OvNoo8adPWg
LpkXILJwnmO,2025Oct,K5qkqZ7MyVH
LpkXILJwnmO,2025Oct,yIRSK1trrSw
LpkXILJwnmO,2025Oct,b525dwmnqCT
LpkXILJwnmO,2025Oct,Cjvs14BxI4s
LpkXILJwnmO,2025Oct,KAUx9elzgpv
LpkXILJwnmO,2025Oct,TYauWugQYce
LpkXILJwnmO,2025Oct,ydUveu7bUpz
wDWUutgeEX8,2025Oct,hvgp9xnuUrx
wDWUutgeEX8,2025Oct,X5WOZxTBU2j
wDWUutgeEX8,2025Oct,etnBr84tFtJ
wDWUutgeEX8,2025Oct,mkXXjV42FM9
wDWUutgeEX8,2025Oct,EoZ7f4rkx2g
hfR9r70Fk99,2025Oct,AIinrAmIaZR
hfR9r70Fk99,2025Oct,ih8F8Y1LQLi
BeEA8PsZ8Ky,2025Oct,qBj9XLbUigZ
BeEA8PsZ8Ky,2025Oct,VyeN2c8Zdi4
BeEA8PsZ8Ky,2025Oct,vsVKGzHxDua
BeEA8PsZ8Ky,2025Oct,SZ3D287on4h
BeEA8PsZ8Ky,2025Oct,yxdKq1ZC8fS
BeEA8PsZ8Ky,2025Oct,NrvW7I8iYbo
BeEA8PsZ8Ky,2025Oct,DFLZuSpRYKv
BeEA8PsZ8Ky,2025Oct,u53iyNLwf4u
BeEA8PsZ8Ky,2025Oct,qEv2Oi1bHsp
BeEA8PsZ8Ky,2025Oct,zpOXupkpl7i
BeEA8PsZ8Ky,2025Oct,BpjQgbuhZoo
BeEA8PsZ8Ky,2025Oct,Y9GhVNf8jUd
BeEA8PsZ8Ky,2025Oct,KcI8l7j9oeX
BeEA8PsZ8Ky,2025Oct,JURc3Uxzcr9
BeEA8PsZ8Ky,2025Oct,kCzjNAGH5GY
BeEA8PsZ8Ky,2025Oct,rktDV3ZuQjl
L3qltmjNtSr,2025Oct,Xv6ZMiURjVZ
L3qltmjNtSr,2025Oct,Y0MK3PE36YK
L3qltmjNtSr,2025Oct,PfHtmL4yADC
L3qltmjNtSr,2025Oct,VmO1fBERJN4
L3qltmjNtSr,2025Oct,QYTmqxS3J7V
L3qltmjNtSr,2025Oct,kc10dvR6FAl
L3qltmjNtSr,2025Oct,BvP0eqfI80l
L3qltmjNtSr,2025Oct,Q99DeXG9LPH
DA7uTAScxxi,2025Oct,Xv6ZMiURjVZ
DA7uTAScxxi,2025Oct,Y0MK3PE36YK
DA7uTAScxxi,2025Oct,PfHtmL4yADC
DA7uTAScxxi,2025Oct,VmO1fBERJN4
DA7uTAScxxi,2025Oct,QYTmqxS3J7V
DA7uTAScxxi,2025Oct,kc10dvR6FAl
DA7uTAScxxi,2025Oct,BvP0eqfI80l
DA7uTAScxxi,2025Oct,Q99DeXG9LPH
j3NQAv8Fe3v,2025Oct,eLKSu5nXw5A
j3NQAv8Fe3v,2025Oct,sH5bdRaliri
NbvZdpPzNf6,2025Oct,GvCz2USXpQ8
NbvZdpPzNf6,2025Oct,xfeVf0PZLY6
NbvZdpPzNf6,2025Oct,MwTEm9r6Jp5
NbvZdpPzNf6,2025Oct,huQRo9G52l7
HVzzfyVVIs1,2025Oct,NVkxJFn3sBm
HVzzfyVVIs1,2025Oct,S8dARTBMJy8
HVzzfyVVIs1,2025Oct,sk6Jos2G0Qt
HVzzfyVVIs1,2025Oct,yJNgCqRK9RH
HVzzfyVVIs1,2025Oct,k3txRv5EtKf
HVzzfyVVIs1,2025Oct,xQ4kQEvWoxO
HVzzfyVVIs1,2025Oct,iJdeK2OzRMv
HVzzfyVVIs1,2025Oct,aqENQmOScjV
HVzzfyVVIs1,2025Oct,dy4xY8uaXc2
HVzzfyVVIs1,2025Oct,L5Td16LsrwX
HVzzfyVVIs1,2025Oct,A9LYJZjm9un
HVzzfyVVIs1,2025Oct,fCqqcaVvarJ
cx8hxarh4Ke,2025Oct,BLOnmKVtcjf
cx8hxarh4Ke,2025Oct,zGw1aKV55UG
HVzzfyVVIs1,2025Oct,O0kP2eiwXr0
HVzzfyVVIs1,2025Oct,rTico1He4D7
HVzzfyVVIs1,2025Oct,aZRN9kD6ocJ
HVzzfyVVIs1,2025Oct,rSB0QMg1KYT
HVzzfyVVIs1,2025Oct,zozAnZkqv7o
HVzzfyVVIs1,2025Oct,ZcN9mCvsjBd
HVzzfyVVIs1,2025Oct,jr005I3fIgL
HVzzfyVVIs1,2025Oct,AXsTYP110IT
HVzzfyVVIs1,2025Oct,pAREPN3TOau
HVzzfyVVIs1,2025Oct,FBiIJPaJ2dN
HVzzfyVVIs1,2025Oct,t5LwvchZVUq
HVzzfyVVIs1,2025Oct,o0KgFZlzhOW
cx8hxarh4Ke,2025Oct,fP28wpo8of7
cx8hxarh4Ke,2025Oct,zKGHyYv0aah
TqpIEl7LfV7,2025Oct,HllvX50cXC0
HO5wSDKttn3,2025Oct,eg7Tetrg4af
HO5wSDKttn3,2025Oct,tQQYAbqAxaS
HO5wSDKttn3,2025Oct,j7NA6fNFAiV
HO5wSDKttn3,2025Oct,cor1v3mAV5W
tSYnSvSK200,2025Oct,jkqtBKdknGw
tSYnSvSK200,2025Oct,UqNc5Jy6fwJ
tSYnSvSK200,2025Oct,mKpEXw40p6r
tSYnSvSK200,2025Oct,AFsWxo6443z
gG0fbMLqEB5,2025Oct,bHhcxwpICvc
gG0fbMLqEB5,2025Oct,pKlxpSVb56h
N4sS65QUOP3,2025Oct,rslp7ddiBzy
N4sS65QUOP3,2025Oct,Cieg8r0FOGJ
LADGHYIE9m1,2025Oct,dUCNvz8ByrS
LADGHYIE9m1,2025Oct,wbJ9Nh2jqUG
LADGHYIE9m1,2025Oct,VCEoYHLyTxk
LADGHYIE9m1,2025Oct,FyhQbdBMM1p
LADGHYIE9m1,2025Oct,fCiy8R7Dv9x
OLbhrUez4dP,2025Oct,dUCNvz8ByrS
OLbhrUez4dP,2025Oct,wbJ9Nh2jqUG
OLbhrUez4dP,2025Oct,VCEoYHLyTxk
OLbhrUez4dP,2025Oct,FyhQbdBMM1p
OLbhrUez4dP,2025Oct,fCiy8R7Dv9x
ktZYUSS0Zjo,2025Oct,dUCNvz8ByrS
ktZYUSS0Zjo,2025Oct,wbJ9Nh2jqUG
ktZYUSS0Zjo,2025Oct,VCEoYHLyTxk
ktZYUSS0Zjo,2025Oct,FyhQbdBMM1p
ktZYUSS0Zjo,2025Oct,fCiy8R7Dv9x
P9OjdVVMHMW,2025Oct,dUCNvz8ByrS
P9OjdVVMHMW,2025Oct,wbJ9Nh2jqUG
P9OjdVVMHMW,2025Oct,VCEoYHLyTxk
P9OjdVVMHMW,2025Oct,FyhQbdBMM1p
P9OjdVVMHMW,2025Oct,fCiy8R7Dv9x
tGtB1nLnQjC,2025Oct,dUCNvz8ByrS
tGtB1nLnQjC,2025Oct,wbJ9Nh2jqUG
tGtB1nLnQjC,2025Oct,VCEoYHLyTxk
tGtB1nLnQjC,2025Oct,FyhQbdBMM1p
tGtB1nLnQjC,2025Oct,fCiy8R7Dv9x
ef1o9r1kDIH,2025Oct,YtrkH2Xrb12
ef1o9r1kDIH,2025Oct,i8VDE8xLSWJ
ef1o9r1kDIH,2025Oct,NMYN9FAPqWa
ef1o9r1kDIH,2025Oct,xYyVHiXrvSi
ef1o9r1kDIH,2025Oct,vvV2d1YvSSA
y42bZItNsea,2025Oct,dUCNvz8ByrS
y42bZItNsea,2025Oct,wbJ9Nh2jqUG
y42bZItNsea,2025Oct,VCEoYHLyTxk
y42bZItNsea,2025Oct,FyhQbdBMM1p
y42bZItNsea,2025Oct,fCiy8R7Dv9x
qL1qysWLZoq,2025Oct,hvgp9xnuUrx
qL1qysWLZoq,2025Oct,X5WOZxTBU2j
qL1qysWLZoq,2025Oct,etnBr84tFtJ
qL1qysWLZoq,2025Oct,mkXXjV42FM9
qL1qysWLZoq,2025Oct,EoZ7f4rkx2g
lXqlw8UxoqF,2025Oct,hvgp9xnuUrx
lXqlw8UxoqF,2025Oct,X5WOZxTBU2j
lXqlw8UxoqF,2025Oct,etnBr84tFtJ
lXqlw8UxoqF,2025Oct,mkXXjV42FM9
lXqlw8UxoqF,2025Oct,EoZ7f4rkx2g
bwlf1Jfww0L,2025Oct,hvgp9xnuUrx
bwlf1Jfww0L,2025Oct,X5WOZxTBU2j
bwlf1Jfww0L,2025Oct,etnBr84tFtJ
bwlf1Jfww0L,2025Oct,mkXXjV42FM9
bwlf1Jfww0L,2025Oct,EoZ7f4rkx2g
aXwcGB1xILs,2025Oct,ZbSWILn2hXE
aXwcGB1xILs,2025Oct,jyJZv3BM4VF