"dataelement","dataelementuid","period","resultsTargets","indicator","APR_period","periodicity"
"GEND_GBV (N, DSD, Age/Sex/PEP): GBV Care","owIr2CJUbwq","2018","Results","GEND_GBV","last","annual"
"GEND_GBV (N, DSD, Age/Sex/ViolenceType) v2: GBV Care","GT81rJIJrrd","2018","Results","GEND_GBV","last","annual"
"GEND_GBV (N, DSD): GBV Care","pWTXzF2L8lG","2018","Results","GEND_GBV","last","annual"
"GEND_GBV (N, TA, Age/Sex/PEP): GBV Care","OZ9CHCMYJMS","2018","Results","GEND_GBV","last","annual"
"GEND_GBV (N, TA, Age/Sex/ViolenceType) v2: GBV Care","pKH3YTAShEe","2018","Results","GEND_GBV","last","annual"
"GEND_GBV (N, TA): GBV Care","sIagQEZjSyy","2018","Results","GEND_GBV","last","annual"
"HTS_SELF (N, DSD, Age/Sex/HIVSelfTest): HIV self test kits distributed","IvI3KbJILcD","2018","Results","HTS_SELF","all","quarterly"
"HTS_SELF (N, DSD, HIVSelfTest): HIV self test kits distributed","voq71HIDMZS","2018","Results","HTS_SELF","all","quarterly"
"HTS_SELF (N, DSD, HIVSelfTestUser): HIV self test kits distributed","ovQaECwOS1M","2018","Results","HTS_SELF","all","quarterly"
"HTS_SELF (N, DSD, KeyPop/HIVSelfTest): HIV self test kits distributed","CfSIX5yTSdw","2018","Results","HTS_SELF","all","quarterly"
"HTS_SELF (N, TA, Age/Sex/HIVSelfTest): HIV self test kits distributed","eVENweToQmW","2018","Results","HTS_SELF","all","quarterly"
"HTS_SELF (N, TA, HIVSelfTest): HIV self test kits distributed","sz6hDcZMcxU","2018","Results","HTS_SELF","all","quarterly"
"HTS_SELF (N, TA, HIVSelfTestUser): HIV self test kits distributed","JvcWulM0VRV","2018","Results","HTS_SELF","all","quarterly"
"HTS_SELF (N, TA, KeyPop/HIVSelfTest): HIV self test kits distributed","uAvFE64WkMB","2018","Results","HTS_SELF","all","quarterly"
"HTS_TST (N, DSD, Emergency Ward/Age Aggregated/Sex/Result): HTS received results","SPhn6t6OA9D","2018","Results","HTS_TST","all","quarterly"
"HTS_TST (N, DSD, Emergency Ward/Age/Sex/Result): HTS received results","m6oDgY6WhM4","2018","Results","HTS_TST","all","quarterly"
"HTS_TST (N, DSD): HTS received results","K6f6jR0NOcZ","2018","Results","HTS_TST","all","quarterly"
"HTS_TST (N, DSD, Index/Age Aggregated/Sex/Result): HTS received results","LqtNQ0cUHgc","2018","Results","HTS_TST","all","quarterly"
"HTS_TST (N, DSD, Index/Age/Sex/Result): HTS received results","WSzB03ZCEuR","2018","Results","HTS_TST","all","quarterly"
"HTS_TST (N, DSD, Inpat/Age Aggregated/Sex/Result): HTS received results","mKI4Imeb0H8","2018","Results","HTS_TST","all","quarterly"
"HTS_TST (N, DSD, Inpat/Age/Sex/Result): HTS received results","hvtNfA73XhN","2018","Results","HTS_TST","all","quarterly"
"HTS_TST (N, DSD, KeyPop/Result): HTS received results","qhGxKnmrZBd","2018","Results","HTS_TST","all","quarterly"
"HTS_TST (N, DSD, Malnutrition/Age/Sex/Result): HTS received results","NWnZzJD94qO","2018","Results","HTS_TST","all","quarterly"
"HTS_TST (N, DSD, OtherPITC/Age Aggregated/Sex/Result): HTS received results","ldohCByGsC2","2018","Results","HTS_TST","all","quarterly"
"HTS_TST (N, DSD, OtherPITC/Age/Sex/Result): HTS received results","H7Iu1SBCLTm","2018","Results","HTS_TST","all","quarterly"
"HTS_TST (N, DSD, Pediatric/Age/Sex/Result): HTS received results","SpjvCpxnc20","2018","Results","HTS_TST","all","quarterly"
"HTS_TST (N, DSD, PMTCT ANC/Age Aggregated/Sex/Result): HTS received results","jtV0s5Aybjr","2018","Results","HTS_TST","all","quarterly"
"HTS_TST (N, DSD, PMTCT ANC/Age/Sex/Result): HTS received results","tgHxA0DD5oL","2018","Results","HTS_TST","all","quarterly"
"HTS_TST (N, DSD, STI Clinic/Age Aggregated/Sex/Result): HTS received results","fbP1Ti6hxFh","2018","Results","HTS_TST","all","quarterly"
"HTS_TST (N, DSD, STI Clinic/Age/Sex/Result): HTS received results","KPBucMJSdii","2018","Results","HTS_TST","all","quarterly"
"HTS_TST (N, DSD, TBClinic/Age Aggregated/Sex/Result): HTS received results","G73xmUoP5mP","2018","Results","HTS_TST","all","quarterly"
"HTS_TST (N, DSD, TBClinic/Age/Sex/Result): HTS received results","Ogm7REBudex","2018","Results","HTS_TST","all","quarterly"
"HTS_TST (N, DSD, VCT/Age Aggregated/Sex/Result): HTS received results","h5Td1TsyndR","2018","Results","HTS_TST","all","quarterly"
"HTS_TST (N, DSD, VCT/Age/Sex/Result): HTS received results","K3I0l3A6fNt","2018","Results","HTS_TST","all","quarterly"
"HTS_TST (N, DSD, VMMC/Age Aggregated/Sex/Result): HTS received results","y8g2Rq4C3jO","2018","Results","HTS_TST","all","quarterly"
"HTS_TST (N, DSD, VMMC/Age/Sex/Result): HTS received results","LTEVfSsVRQ1","2018","Results","HTS_TST","all","quarterly"
"HTS_TST (N, TA, Emergency Ward/Age Aggregated/Sex/Result): HTS received results","l0DEzD0oo6B","2018","Results","HTS_TST","all","quarterly"
"HTS_TST (N, TA, Emergency Ward/Age/Sex/Result): HTS received results","viytbgNBMks","2018","Results","HTS_TST","all","quarterly"
"HTS_TST (N, TA): HTS received results","FJSew4Ks0j3","2018","Results","HTS_TST","all","quarterly"
"HTS_TST (N, TA, Index/Age Aggregated/Sex/Result): HTS received results","L6q82WmpJvd","2018","Results","HTS_TST","all","quarterly"
"HTS_TST (N, TA, Index/Age/Sex/Result): HTS received results","JjDbcm9MfuJ","2018","Results","HTS_TST","all","quarterly"
"HTS_TST (N, TA, Inpat/Age Aggregated/Sex/Result): HTS received results","aJ1koCyQC6y","2018","Results","HTS_TST","all","quarterly"
"HTS_TST (N, TA, Inpat/Age/Sex/Result): HTS received results","qZAq6ABJe2I","2018","Results","HTS_TST","all","quarterly"
"HTS_TST (N, TA, KeyPop/Result): HTS received results","kt5rPumWUBE","2018","Results","HTS_TST","all","quarterly"
"HTS_TST (N, TA, Malnutrition/Age/Sex/Result): HTS received results","ghoSZ0XbWn3","2018","Results","HTS_TST","all","quarterly"
"HTS_TST (N, TA, OtherPITC/Age Aggregated/Sex/Result): HTS received results","LNHM2CKRfr6","2018","Results","HTS_TST","all","quarterly"
"HTS_TST (N, TA, OtherPITC/Age/Sex/Result): HTS received results","jHjC9XIJbhL","2018","Results","HTS_TST","all","quarterly"
"HTS_TST (N, TA, Pediatric/Age/Sex/Result): HTS received results","TUJPxclPx31","2018","Results","HTS_TST","all","quarterly"
"HTS_TST (N, TA, PMTCT ANC/Age Aggregated/Sex/Result): HTS received results","ZBiBEVE7oYg","2018","Results","HTS_TST","all","quarterly"
"HTS_TST (N, TA, PMTCT ANC/Age/Sex/Result): HTS received results","RT8zvKCJaXC","2018","Results","HTS_TST","all","quarterly"
"HTS_TST (N, TA, STI Clinic/Age Aggregated/Sex/Result): HTS received results","YKJDV0CAjA2","2018","Results","HTS_TST","all","quarterly"
"HTS_TST (N, TA, STI Clinic/Age/Sex/Result): HTS received results","tALLi0JVRLV","2018","Results","HTS_TST","all","quarterly"
"HTS_TST (N, TA, TBClinic/Age Aggregated/Sex/Result): HTS received results","GPSKuITaTsM","2018","Results","HTS_TST","all","quarterly"
"HTS_TST (N, TA, TBClinic/Age/Sex/Result): HTS received results","KeklNQcVqTQ","2018","Results","HTS_TST","all","quarterly"
"HTS_TST (N, TA, VCT/Age Aggregated/Sex/Result): HTS received results","qnh8cIutL46","2018","Results","HTS_TST","all","quarterly"
"HTS_TST (N, TA, VCT/Age/Sex/Result): HTS received results","YBdu7j2gGjC","2018","Results","HTS_TST","all","quarterly"
"HTS_TST (N, TA, VMMC/Age Aggregated/Sex/Result): HTS received results","BDB38PhJVCR","2018","Results","HTS_TST","all","quarterly"
"HTS_TST (N, TA, VMMC/Age/Sex/Result): HTS received results","u6lcwDN4mQM","2018","Results","HTS_TST","all","quarterly"
"KP_MAT (N, DSD, Sex): PWID on MAT","NpvqdA6rkoL","2018","Results","KP_MAT","last","annual"
"KP_MAT (N, TA, Sex): PWID on MAT","Vb1OLWAcLm0","2018","Results","KP_MAT","last","annual"
"KP_PREV (D, DSD, KeyPop) v2: Key Pop Preventive","PhZSAkHnEXY","2018","Results","KP_PREV","semi","semi-annual"
"KP_PREV (D, TA, KeyPop) v2: Key Pop Preventive","IP7rgFonJAw","2018","Results","KP_PREV","semi","semi-annual"
"KP_PREV (N, DSD, KeyPop/Status): Key Pop Preventive","VvfafEGUJ57","2018","Results","KP_PREV","semi","semi-annual"
"KP_PREV (N, DSD, KeyPop) v2: Key Pop Preventive","tUgHu5sqgNu","2018","Results","KP_PREV","semi","semi-annual"
"KP_PREV (N, TA, KeyPop/Status): Key Pop Preventive","EWuJO3nXFmN","2018","Results","KP_PREV","semi","semi-annual"
"KP_PREV (N, TA, KeyPop) v2: Key Pop Preventive","RCD40Nua4Kg","2018","Results","KP_PREV","semi","semi-annual"
"OVC_SERV (N, DSD, Age/Sex/Service) v3: Beneficiaries Served","lLgXFHRqOib","2018","Results","OVC_SERV","last","semi-annual"
"OVC_SERV (N, DSD, Age/Sex) v2: Beneficiaries Served","Al35ovm1QCj","2018","Results","OVC_SERV","last","semi-annual"
"OVC_SERV (N, DSD, ProgramStatus) v2: Beneficiaries Served","VLO4oeZKU23","2018","Results","OVC_SERV","last","semi-annual"
"OVC_SERV (N, DSD, TransferExit) : Beneficiaries Served","hG9RAKu5UBA","2018","Results","OVC_SERV","last","semi-annual"
"OVC_SERV (N, TA, Age/Sex/Service) v3: Beneficiaries Served","HPFQ1dxcPOr","2018","Results","OVC_SERV","last","semi-annual"
"OVC_SERV (N, TA, Age/Sex) v2: Beneficiaries Served","VEx9p4HPdz0","2018","Results","OVC_SERV","last","semi-annual"
"OVC_SERV (N, TA, ProgramStatus) v2: Beneficiaries Served","jxUEhDU95PK","2018","Results","OVC_SERV","last","semi-annual"
"OVC_SERV (N, TA, TransferExit) : Beneficiaries Served","gRO43x4wgzx","2018","Results","OVC_SERV","last","semi-annual"
"PMTCT_HEI_POS (N, DSD, Age/HIVStatus/ARTStatus): Infant Testing","XuHtzXGDS00","2018","Results","PMTCT_HEI_POS","all","quarterly"
"PMTCT_HEI_POS (N, DSD, Age/HIVStatus): Infant Testing","y1sRrKaPeKe","2018","Results","PMTCT_HEI_POS","all","quarterly"
"PMTCT_HEI_POS (N, TA, Age/HIVStatus/ARTStatus): Infant Testing","yNfuoYteftA","2018","Results","PMTCT_HEI_POS","all","quarterly"
"PMTCT_HEI_POS (N, TA, Age/HIVStatus): Infant Testing","uMl3wp297tR","2018","Results","PMTCT_HEI_POS","all","quarterly"
"PMTCT_STAT (D, DSD, Age/Sex): New ANC clients","RHN2Ui10Ivu","2018","Results","PMTCT_STAT","all","quarterly"
"PMTCT_STAT (D, TA, Age/Sex): New ANC clients","D3dXMIpnOfu","2018","Results","PMTCT_STAT","all","quarterly"
"PMTCT_STAT (N, DSD, Age/Sex/KnownNewResult): Known Results","fg53NvKg3EN","2018","Results","PMTCT_STAT","all","quarterly"
"PMTCT_STAT (N, DSD, Age/Sex): Known Results","sVZKPce0Cd6","2018","Results","PMTCT_STAT","all","quarterly"
"PMTCT_STAT (N, DSD, Sex): Known Results","DsC5f5aN6Ef","2018","Results","PMTCT_STAT","all","quarterly"
"PMTCT_STAT (N, TA, Age/Sex/KnownNewResult): Known Results","bII4eG3osk5","2018","Results","PMTCT_STAT","all","quarterly"
"PMTCT_STAT (N, TA, Age/Sex): Known Results","A6sEZh4ctKy","2018","Results","PMTCT_STAT","all","quarterly"
"PMTCT_STAT (N, TA, Sex): Known Results","EQiyFRSNeK2","2018","Results","PMTCT_STAT","all","quarterly"
"PP_PREV (D, DSD, Age/Sex) v2: People Targeted","Mb6BkTkVHIw","2018","Results","PP_PREV","semi","semi-annual"
"PP_PREV (D, DSD): People Targeted","PyMvM5SD0lC","2018","Results","PP_PREV","semi","semi-annual"
"PP_PREV (D, TA, Age/Sex) v2: People Targeted","iDwZ9aZj3P0","2018","Results","PP_PREV","semi","semi-annual"
"PP_PREV (D, TA): People Targeted","ln7rFjFdFQG","2018","Results","PP_PREV","semi","semi-annual"
"PP_PREV (N, DSD, Age/Sex) v2: HIV Prevention Program","faUXvDQymMY","2018","Results","PP_PREV","semi","semi-annual"
"PP_PREV (N, DSD): HIV Prevention Program","Wtwp9L0mcFy","2018","Results","PP_PREV","semi","semi-annual"
"PP_PREV (N, DSD, Status): HIV Prevention Program","ZL7ThaUr1Bv","2018","Results","PP_PREV","semi","semi-annual"
"PP_PREV (N, TA, Age/Sex) v2: HIV Prevention Program","S0q83kAmHEj","2018","Results","PP_PREV","semi","semi-annual"
"PP_PREV (N, TA): HIV Prevention Program","TGxHgx4c4Zi","2018","Results","PP_PREV","semi","semi-annual"
"PP_PREV (N, TA, Status): HIV Prevention Program","CIveKAc3CFx","2018","Results","PP_PREV","semi","semi-annual"
"PrEP_NEW (N, DSD, Age/Sex) v2: Newly Enrolled PrEP","KNO4emPfF91","2018","Results","PrEP_NEW","semi","quarterly"
"PrEP_NEW (N, DSD, KeyPopAbr): Newly Enrolled PrEP","JoERp5gZ6o1","2018","Results","PrEP_NEW","semi","quarterly"
"PrEP_NEW (N, DSD): Newly Enrolled PrEP","WQqBCWI0gND","2018","Results","PrEP_NEW","semi","quarterly"
"PrEP_NEW (N, TA, Age/Sex) v2: Newly Enrolled PrEP","b6OI9qB0Who","2018","Results","PrEP_NEW","semi","quarterly"
"PrEP_NEW (N, TA, KeyPopAbr): Newly Enrolled PrEP","spB3CUiPX16","2018","Results","PrEP_NEW","semi","quarterly"
"PrEP_NEW (N, TA): Newly Enrolled PrEP","bz61aPNTomM","2018","Results","PrEP_NEW","semi","quarterly"
"TB_PREV (D, DSD, Age Aggregated/Sex/HIVStatus): IPT","vHCvmxeOulc","2018","Results","TB_PREV","semi","semi-annual"
"TB_PREV (D, DSD, HIVStatus): IPT","DFOhwZmqmLA","2018","Results","TB_PREV","semi","semi-annual"
"TB_PREV (D, DSD, TherapyType/NewExistingArt/HIVStatus): IPT","v8ebDCsu6HA","2018","Results","TB_PREV","semi","semi-annual"
"TB_PREV (D, TA, Age Aggregated/Sex/HIVStatus): IPT","NFYlz2qYNka","2018","Results","TB_PREV","semi","semi-annual"
"TB_PREV (D, TA, HIVStatus): IPT","NZGXcA4oHYe","2018","Results","TB_PREV","semi","semi-annual"
"TB_PREV (D, TA, TherapyType/NewExistingArt/HIVStatus): IPT","Ge1F4eyI3lc","2018","Results","TB_PREV","semi","semi-annual"
"TB_PREV (N, DSD, Age Aggregated/Sex/HIVStatus): IPT","gLYr2HkqACp","2018","Results","TB_PREV","semi","semi-annual"
"TB_PREV (N, DSD, HIVStatus): IPT","wdNc4AeiH95","2018","Results","TB_PREV","semi","semi-annual"
"TB_PREV (N, DSD, TherapyType/NewExistingArt/HIVStatus): IPT","FqAdKlk9CuW","2018","Results","TB_PREV","semi","semi-annual"
"TB_PREV (N, TA, Age Aggregated/Sex/HIVStatus): IPT","h6WsUZjy18B","2018","Results","TB_PREV","semi","semi-annual"
"TB_PREV (N, TA, HIVStatus): IPT","f9kduaQUMKV","2018","Results","TB_PREV","semi","semi-annual"
"TB_PREV (N, TA, TherapyType/NewExistingArt/HIVStatus): IPT","vdoRxRjgvFm","2018","Results","TB_PREV","semi","semi-annual"
"TB_STAT (D, DSD, Age Aggregated/Sex): New/Relapsed TB","uOfuBlHwdn7","2018","Results","TB_STAT","all","semi-annual"
"TB_STAT (D, DSD): New/Relapsed TB","LZXAdOjlBwi","2018","Results","TB_STAT","all","semi-annual"
"TB_STAT (D, TA, Age Aggregated/Sex): New/Relapsed TB","AcTftDyXTzF","2018","Results","TB_STAT","all","semi-annual"
"TB_STAT (D, TA): New/Relapsed TB","TcyIxVHZd8I","2018","Results","TB_STAT","all","semi-annual"
"TB_STAT (N, DSD, Age Aggregated/Sex/KnownNewPosNeg): New/Relapsed TB with HIV","tnthrE5AclR","2018","Results","TB_STAT","all","semi-annual"
"TB_STAT (N, DSD): New/Relapsed TB with HIV","GLx5aAKX4MD","2018","Results","TB_STAT","all","semi-annual"
"TB_STAT (N, TA, Age Aggregated/Sex/KnownNewPosNeg): New/Relapsed TB with HIV","s0ZhN1hwLa6","2018","Results","TB_STAT","all","semi-annual"
"TB_STAT (N, TA): New/Relapsed TB with HIV","rTZdUyIFsGy","2018","Results","TB_STAT","all","semi-annual"
"TX_CURR (N, DSD, Age Aggregated/Sex/HIVStatus): Receiving ART","c03urRVExYe","2018","Results","TX_CURR","last","quarterly"
"TX_CURR (N, DSD, Age/Sex/HIVStatus): Receiving ART","Hyvw9VnZ2ch","2018","Results","TX_CURR","last","quarterly"
"TX_CURR (N, DSD, HIVStatus): Receiving ART","D2KvZp54CsB","2018","Results","TX_CURR","last","quarterly"
"TX_CURR (N, TA, Age Aggregated/Sex/HIVStatus): Receiving ART","qkjYvdfOakY","2018","Results","TX_CURR","last","quarterly"
"TX_CURR (N, TA, Age/Sex/HIVStatus): Receiving ART","ebCEt4u78PX","2018","Results","TX_CURR","last","quarterly"
"TX_CURR (N, TA, HIVStatus): Receiving ART","moJA7xJZWuJ","2018","Results","TX_CURR","last","quarterly"
"TX_NEW (N, DSD, Age Aggregated/Sex/HIVStatus): New on ART","NBLKn7nRBfo","2018","Results","TX_NEW","all","quarterly"
"TX_NEW (N, DSD, Age/Sex/HIVStatus): New on ART","yXZtvoYQXcD","2018","Results","TX_NEW","all","quarterly"
"TX_NEW (N, DSD, HIVStatus): New on ART","BunPg5H6AL9","2018","Results","TX_NEW","all","quarterly"
"TX_NEW (N, DSD, KeyPop/HIVStatus): New on ART","u3Whcy4Frlt","2018","Results","TX_NEW","all","quarterly"
"TX_NEW (N, DSD, PregnantOrBreastfeeding/HIVStatus): New on ART","QI0LrOAmBCG","2018","Results","TX_NEW","all","quarterly"
"TX_NEW (N, DSD, TB Diagnosis/HIVStatus): New on ART","VGykA1pjgZz","2018","Results","TX_NEW","all","quarterly"
"TX_NEW (N, TA, Age Aggregated/Sex/HIVStatus): New on ART","a2BO57JIf4z","2018","Results","TX_NEW","all","quarterly"
"TX_NEW (N, TA, Age/Sex/HIVStatus): New on ART","FjLaCnuoQWR","2018","Results","TX_NEW","all","quarterly"
"TX_NEW (N, TA, HIVStatus): New on ART","JqSiilvpE7v","2018","Results","TX_NEW","all","quarterly"
"TX_NEW (N, TA, KeyPop/HIVStatus): New on ART","rKP45fP9zb8","2018","Results","TX_NEW","all","quarterly"
"TX_NEW (N, TA, PregnantOrBreastfeeding/HIVStatus): New on ART","JiEYm4EWwtR","2018","Results","TX_NEW","all","quarterly"
"TX_NEW (N, TA, TB Diagnosis/HIVStatus): New on ART","eTkiWqrqxkG","2018","Results","TX_NEW","all","quarterly"
"TX_TB (D, DSD, Age Aggregated/Sex/HIVStatus): TB Screening","jWXNXtGEGKn","2018","Results","TX_TB","semi","semi-annual"
"TX_TB (D, DSD, HIVStatus): TB Screening","lo2c9TXkj5X","2018","Results","TX_TB","semi","semi-annual"
"TX_TB (D, DSD, Specimen Sent/HIVStatus): TB Screening","PoKIzQ3T4lw","2018","Results","TX_TB","semi","semi-annual"
"TX_TB (D, DSD, TBScreen/NewExistingART/HIVStatus): TB Screening","CTStqfWGP5K","2018","Results","TX_TB","semi","semi-annual"
"TX_TB (D, DSD, TB Test Type/HIVStatus): TB Screening","USg8dlTs8WO","2018","Results","TX_TB","semi","semi-annual"
"TX_TB (D, TA, Age Aggregated/Sex/HIVStatus): TB Screening","QBCFhUL0DsI","2018","Results","TX_TB","semi","semi-annual"
"TX_TB (D, TA, HIVStatus): TB Screening","iBT0uRSIadN","2018","Results","TX_TB","semi","semi-annual"
"TX_TB (D, TA, Specimen Sent/HIVStatus): TB Screening","J5gH39E7cab","2018","Results","TX_TB","semi","semi-annual"
"TX_TB (D, TA, TBScreen/NewExistingART/HIVStatus): TB Screening","cdacTAmnRph","2018","Results","TX_TB","semi","semi-annual"
"TX_TB (D, TA, TB Test Type/HIVStatus): TB Screening","Cd1vNqVcel4","2018","Results","TX_TB","semi","semi-annual"
"TX_TB (N, DSD, Age Aggregated/Sex/HIVStatus): TB Treatment","fexxrOGUvrv","2018","Results","TX_TB","semi","semi-annual"
"TX_TB (N, DSD, HIVStatus): TB Treatment","bO90YLjSbox","2018","Results","TX_TB","semi","semi-annual"
"TX_TB (N, DSD, NewExistingArt/HIVStatus): TB Treatment","CEANcO1xqgC","2018","Results","TX_TB","semi","semi-annual"
"TX_TB (N, TA, Age Aggregated/Sex/HIVStatus): TB Treatment","G6EQGNhixQe","2018","Results","TX_TB","semi","semi-annual"
"TX_TB (N, TA, HIVStatus): TB Treatment","ZdCidLkGGV4","2018","Results","TX_TB","semi","semi-annual"
"TX_TB (N, TA, NewExistingArt/HIVStatus): TB Treatment","WQowTtUTc97","2018","Results","TX_TB","semi","semi-annual"
"VMMC_CIRC (N, DSD, Age/Sex): Voluntary Circumcised","RhkU5KjtAi6","2018","Results","VMMC_CIRC","all","quarterly"
"VMMC_CIRC (N, DSD, HIVStatus/Sex): Voluntary Circumcised","mymnc4IZT9O","2018","Results","VMMC_CIRC","all","quarterly"
"VMMC_CIRC (N, DSD, Sex): Voluntary Circumcised","lE698ixI2iO","2018","Results","VMMC_CIRC","all","quarterly"
"VMMC_CIRC (N, DSD, TechFollowUp>14days/Sex): Voluntary Circumcised","tUWykiXBnjC","2018","Results","VMMC_CIRC","all","quarterly"
"VMMC_CIRC (N, DSD, TechFollowUp/Sex): Voluntary Circumcised","cObJTp3DWdY","2018","Results","VMMC_CIRC","all","quarterly"
"VMMC_CIRC (N, DSD, Technique/Sex): Voluntary Circumcised","UossaY2RAd4","2018","Results","VMMC_CIRC","all","quarterly"
"VMMC_CIRC (N, TA, Age/Sex): Voluntary Circumcised","Jj8qonfbvBA","2018","Results","VMMC_CIRC","all","quarterly"
"VMMC_CIRC (N, TA, HIVStatus/Sex): Voluntary Circumcised","eab8ObZpMvb","2018","Results","VMMC_CIRC","all","quarterly"
"VMMC_CIRC (N, TA, Sex): Voluntary Circumcised","phTRGTdsoqz","2018","Results","VMMC_CIRC","all","quarterly"
"VMMC_CIRC (N, TA, TechFollowUp>14days/Sex): Voluntary Circumcised","ZaVDy67viEs","2018","Results","VMMC_CIRC","all","quarterly"
"VMMC_CIRC (N, TA, TechFollowUp/Sex): Voluntary Circumcised","oIOtyrMpzGE","2018","Results","VMMC_CIRC","all","quarterly"
"VMMC_CIRC (N, TA, Technique/Sex): Voluntary Circumcised","io1hfUu6Hbf","2018","Results","VMMC_CIRC","all","quarterly"
"HTS_TST (N, DSD, IndexMod/Age Aggregated/Sex/Result): HTS received results","IVi58QZ4gRT","2018","Results","HTS_TST","all","quarterly"
"HTS_TST (N, DSD, IndexMod/Age/Sex/Result): HTS received results","uSDvLTfmyZL","2018","Results","HTS_TST","all","quarterly"
"HTS_TST (N, DSD, MobileMod/Age Aggregated/Sex/Result): HTS received results","Ssaa4v3UTWE","2018","Results","HTS_TST","all","quarterly"
"HTS_TST (N, DSD, MobileMod/Age/Sex/Result): HTS received results","qkV2omqh4Xw","2018","Results","HTS_TST","all","quarterly"
"HTS_TST (N, DSD, OtherMod/Age Aggregated/Sex/Result): HTS received results","a8Cru5lWRJu","2018","Results","HTS_TST","all","quarterly"
"HTS_TST (N, DSD, OtherMod/Age/Sex/Result): HTS received results","IBxW3OeOlLm","2018","Results","HTS_TST","all","quarterly"
"HTS_TST (N, DSD, VCTMod/Age Aggregated/Sex/Result): HTS received results","QYRboa5qaH8","2018","Results","HTS_TST","all","quarterly"
"HTS_TST (N, DSD, VCTMod/Age/Sex/Result): HTS received results","JuKu8wCaIoz","2018","Results","HTS_TST","all","quarterly"
"HTS_TST (N, TA, IndexMod/Age Aggregated/Sex/Result): HTS received results","BFeO7aJVO0i","2018","Results","HTS_TST","all","quarterly"
"HTS_TST (N, TA, IndexMod/Age/Sex/Result): HTS received results","brZrxriiF0a","2018","Results","HTS_TST","all","quarterly"
"HTS_TST (N, TA, MobileMod/Age Aggregated/Sex/Result): HTS received results","Ggyo79FgFP4","2018","Results","HTS_TST","all","quarterly"
"HTS_TST (N, TA, MobileMod/Age/Sex/Result): HTS received results","HWlPIUSm4jJ","2018","Results","HTS_TST","all","quarterly"
"HTS_TST (N, TA, OtherMod/Age Aggregated/Sex/Result): HTS received results","hVUZ9bdWgtJ","2018","Results","HTS_TST","all","quarterly"
"HTS_TST (N, TA, OtherMod/Age/Sex/Result): HTS received results","oBAgmheBhz4","2018","Results","HTS_TST","all","quarterly"
"HTS_TST (N, TA, VCTMod/Age Aggregated/Sex/Result): HTS received results","z2bvxa00AQ6","2018","Results","HTS_TST","all","quarterly"
"HTS_TST (N, TA, VCTMod/Age/Sex/Result): HTS received results","AT1GyM3oaZd","2018","Results","HTS_TST","all","quarterly"
"GEND_GBV (N, DSD, Age/Sex/ViolenceType) TARGET: GBV Care","cCdmgyX9nbb","2018","Targets","GEND_GBV","last","annual"
"GEND_GBV (N, DSD, PEP) TARGET: GBV Care","XuW49NlpcLC","2018","Targets","GEND_GBV","last","annual"
"GEND_GBV (N, DSD) TARGET: GBV Care","YpXUnecwj4Z","2018","Targets","GEND_GBV","last","annual"
"GEND_GBV (N, DSD, ViolenceServiceType) TARGET v2: GBV Care","N4sS65QUOP3","2018","Targets","GEND_GBV","last","annual"
"GEND_GBV (N, TA, Age/Sex/ViolenceType) TARGET: GBV Care","Ajyuzu9iEqH","2018","Targets","GEND_GBV","last","annual"
"GEND_GBV (N, TA, PEP) TARGET: GBV Care","nijNm0qHCRm","2018","Targets","GEND_GBV","last","annual"
"GEND_GBV (N, TA) TARGET: GBV Care","ZDktRhoNoTD","2018","Targets","GEND_GBV","last","annual"
"GEND_GBV (N, TA, ViolenceServiceType) TARGET v2: GBV Care","XUtNKyPozHq","2018","Targets","GEND_GBV","last","annual"
"HTS_TST (N, DSD, Index/AgeAboveTen/Sex/Result) TARGET: HTS received results","PU5tSenf5W5","2018","Targets","HTS_TST","all","quarterly"
"HTS_TST (N, DSD, Index/Age Aggregated/Sex/Result) TARGET: HTS received results","XOlZTGnAW7X","2018","Targets","HTS_TST","all","quarterly"
"HTS_TST (N, DSD, Index/AgeLessThanTen/Result) TARGET: HTS received results","xq9H4OS3mpD","2018","Targets","HTS_TST","all","quarterly"
"HTS_TST (N, DSD, Inpat/AgeAboveTen/Sex/Result) TARGET: HTS received results","llfyJRZwfWS","2018","Targets","HTS_TST","all","quarterly"
"HTS_TST (N, DSD, Inpat/Age Aggregated/Sex/Result) TARGET: HTS received results","BorXO44ewqB","2018","Targets","HTS_TST","all","quarterly"
"HTS_TST (N, DSD, Inpat/AgeLessThanTen/Result) TARGET: HTS received results","bAfJSGolzSn","2018","Targets","HTS_TST","all","quarterly"
"HTS_TST (N, DSD, KeyPop/Result) TARGET: HTS received results","ef1o9r1kDIH","2018","Targets","HTS_TST","all","quarterly"
"HTS_TST (N, DSD, Malnutrition/Result/<5) TARGET: HTS received results","Xse4tXJFdq1","2018","Targets","HTS_TST","all","quarterly"
"HTS_TST (N, DSD, OtherPITC/AgeAboveTen/Sex/Result) TARGET: HTS received results","M8ffMkaCv3b","2018","Targets","HTS_TST","all","quarterly"
"HTS_TST (N, DSD, OtherPITC/Age Aggregated/Sex/Result) TARGET: HTS received results","zGbjDdzp3ns","2018","Targets","HTS_TST","all","quarterly"
"HTS_TST (N, DSD, OtherPITC/AgeLessThanTen/Result) TARGET: HTS received results","Q6X8KR1Rd88","2018","Targets","HTS_TST","all","quarterly"
"HTS_TST (N, DSD, Pediatric/Result/<5) TARGET: HTS received results","KOlozGiUBVQ","2018","Targets","HTS_TST","all","quarterly"
"HTS_TST (N, DSD, PMTCT ANC/Age Aggregated/Result) TARGET: HTS received results","f9n7Wp3dlaR","2018","Targets","HTS_TST","all","quarterly"
"HTS_TST (N, DSD, PMTCT ANC/Age/Result) TARGET: HTS received results","iBWNVnrhgu1","2018","Targets","HTS_TST","all","quarterly"
"HTS_TST (N, DSD, Positive) TARGET: HTS received results","PWZnRdapkLM","2018","Targets","HTS_TST","all","quarterly"
"HTS_TST (N, DSD) TARGET: HTS received results","NUdcIMK4Peq","2018","Targets","HTS_TST","all","quarterly"
"HTS_TST (N, DSD, TBClinic/AgeAboveTen/Sex/Result) TARGET: HTS received results","C8NUaI40yoa","2018","Targets","HTS_TST","all","quarterly"
"HTS_TST (N, DSD, TBClinic/Age Aggregated/Sex/Result) TARGET: HTS received results","nMGqJJFU6pq","2018","Targets","HTS_TST","all","quarterly"
"HTS_TST (N, DSD, TBClinic/AgeLessThanTen/Result) TARGET: HTS received results","w6ROqGLCZAh","2018","Targets","HTS_TST","all","quarterly"
"HTS_TST (N, DSD, VCT/AgeAboveTen/Sex/Result) TARGET: HTS received results","cfmOmZEfkmj","2018","Targets","HTS_TST","all","quarterly"
"HTS_TST (N, DSD, VCT/Age Aggregated/Sex/Result) TARGET: HTS received results","da2Ijhf1V12","2018","Targets","HTS_TST","all","quarterly"
"HTS_TST (N, DSD, VCT/AgeLessThanTen/Result) TARGET: HTS received results","TMILSAgi5B2","2018","Targets","HTS_TST","all","quarterly"
"HTS_TST (N, DSD, VMMC/Age Aggregated/Result) TARGET: HTS received results","EiGkC7XCO82","2018","Targets","HTS_TST","all","quarterly"
"HTS_TST (N, DSD, VMMC/Age/Result) TARGET: HTS received results","smTzDQJWZ6r","2018","Targets","HTS_TST","all","quarterly"
"HTS_TST (N, TA, Index/AgeAboveTen/Sex/Result) TARGET: HTS received results","EX7PmkmPenq","2018","Targets","HTS_TST","all","quarterly"
"HTS_TST (N, TA, Index/Age Aggregated/Sex/Result) TARGET: HTS received results","GGKZ73xglKS","2018","Targets","HTS_TST","all","quarterly"
"HTS_TST (N, TA, Index/AgeLessThanTen/Result) TARGET: HTS received results","s5KRUGUWeey","2018","Targets","HTS_TST","all","quarterly"
"HTS_TST (N, TA, Inpat/AgeAboveTen/Sex/Result) TARGET: HTS received results","Fjydaq26qqB","2018","Targets","HTS_TST","all","quarterly"
"HTS_TST (N, TA, Inpat/Age Aggregated/Sex/Result) TARGET: HTS received results","LERa3rawqN3","2018","Targets","HTS_TST","all","quarterly"
"HTS_TST (N, TA, Inpat/AgeLessThanTen/Result) TARGET: HTS received results","sZCijPblz30","2018","Targets","HTS_TST","all","quarterly"
"HTS_TST (N, TA, KeyPop/Result) TARGET: HTS received results","MA4lEpgzAxS","2018","Targets","HTS_TST","all","quarterly"
"HTS_TST (N, TA, Malnutrition/Result/<5) TARGET: HTS received results","GRrP43iKySx","2018","Targets","HTS_TST","all","quarterly"
"HTS_TST (N, TA, OtherPITC/AgeAboveTen/Sex/Result) TARGET: HTS received results","SMxx3AMSswI","2018","Targets","HTS_TST","all","quarterly"
"HTS_TST (N, TA, OtherPITC/Age Aggregated/Sex/Result) TARGET: HTS received results","heTFRI94K9G","2018","Targets","HTS_TST","all","quarterly"
"HTS_TST (N, TA, OtherPITC/AgeLessThanTen/Result) TARGET: HTS received results","KowVc1onTyE","2018","Targets","HTS_TST","all","quarterly"
"HTS_TST (N, TA, Pediatric/Result/<5) TARGET: HTS received results","qDCzQmbJuN4","2018","Targets","HTS_TST","all","quarterly"
"HTS_TST (N, TA, PMTCT ANC/Age Aggregated/Result) TARGET: HTS received results","nsKuQ9ppQGX","2018","Targets","HTS_TST","all","quarterly"
"HTS_TST (N, TA, PMTCT ANC/Age/Result) TARGET: HTS received results","GhIJIGJToLT","2018","Targets","HTS_TST","all","quarterly"
"HTS_TST (N, TA, Positive) TARGET: HTS received results","JaGKiwVMfzn","2018","Targets","HTS_TST","all","quarterly"
"HTS_TST (N, TA) TARGET: HTS received results","zmAsEta7AiO","2018","Targets","HTS_TST","all","quarterly"
"HTS_TST (N, TA, TBClinic/AgeAboveTen/Sex/Result) TARGET: HTS received results","UBzV0roAYFD","2018","Targets","HTS_TST","all","quarterly"
"HTS_TST (N, TA, TBClinic/Age Aggregated/Sex/Result) TARGET: HTS received results","ISmrVBI4qvs","2018","Targets","HTS_TST","all","quarterly"
"HTS_TST (N, TA, TBClinic/AgeLessThanTen/Result) TARGET: HTS received results","U5j67eaWlN2","2018","Targets","HTS_TST","all","quarterly"
"HTS_TST (N, TA, VCT/AgeAboveTen/Sex/Result) TARGET: HTS received results","C6BPpDnppTO","2018","Targets","HTS_TST","all","quarterly"
"HTS_TST (N, TA, VCT/Age Aggregated/Sex/Result) TARGET: HTS received results","XdEIz7Z0EE8","2018","Targets","HTS_TST","all","quarterly"
"HTS_TST (N, TA, VCT/AgeLessThanTen/Result) TARGET: HTS received results","cSScBhDqht0","2018","Targets","HTS_TST","all","quarterly"
"HTS_TST (N, TA, VMMC/Age Aggregated/Result) TARGET: HTS received results","kFA9aYbNUIz","2018","Targets","HTS_TST","all","quarterly"
"HTS_TST (N, TA, VMMC/Age/Result) TARGET: HTS received results","Qo02Vh4MouZ","2018","Targets","HTS_TST","all","quarterly"
"KP_MAT (N, DSD, Sex) TARGET v2: PWID on MAT","wtpj8qDRtAM","2018","Targets","KP_MAT","last","annual"
"KP_MAT (N, TA, Sex) TARGET v2: PWID on MAT","VYJCFsvKMTm","2018","Targets","KP_MAT","last","annual"
"KP_PREV (N, DSD, KeyPop) TARGET v2: Key Pop Preventive","wDWUutgeEX8","2018","Targets","KP_PREV","semi","semi-annual"
"KP_PREV (N, TA, KeyPop) TARGET v2: Key Pop Preventive","VRgwEePUvdD","2018","Targets","KP_PREV","semi","semi-annual"
"OVC_SERV (N, DSD, AgeAboveTen/Sex) TARGET: Beneficiaries Served","QcmuEH1YSo2","2018","Targets","OVC_SERV","last","semi-annual"
"OVC_SERV (N, DSD, AgeLessThanTen) TARGET: Beneficiaries Served","O0dhGgrjlx8","2018","Targets","OVC_SERV","last","semi-annual"
"OVC_SERV (N, DSD, Age/Sex/Service) TARGET v3: Beneficiaries Served","ztEFaaT0rwQ","2018","Targets","OVC_SERV","last","semi-annual"
"OVC_SERV (N, DSD, ProgramStatus) TARGET: Beneficiaries Served","ILotdeJJnXQ","2018","Targets","OVC_SERV","last","semi-annual"
"OVC_SERV (N, TA, AgeAboveTen/Sex) TARGET: Beneficiaries Served","ZFeKwBhRvYl","2018","Targets","OVC_SERV","last","semi-annual"
"OVC_SERV (N, TA, AgeLessThanTen) TARGET: Beneficiaries Served","N6E3zF2cVoF","2018","Targets","OVC_SERV","last","semi-annual"
"OVC_SERV (N, TA, Age/Sex/Service) TARGET v3: Beneficiaries Served","vl9FuwQrPmQ","2018","Targets","OVC_SERV","last","semi-annual"
"OVC_SERV (N, TA, ProgramStatus) TARGET: Beneficiaries Served","vYPx0abTdQi","2018","Targets","OVC_SERV","last","semi-annual"
"PMTCT_STAT (D, DSD, Age) TARGET v3: New ANC clients","P4RJXdVznOt","2018","Targets","PMTCT_STAT","all","quarterly"
"PMTCT_STAT (D, TA, Age) TARGET v3: New ANC clients","qkJChPExdt2","2018","Targets","PMTCT_STAT","all","quarterly"
"PMTCT_STAT (N, DSD, Age/KnownNewResult) TARGET: Known Results","xvvvzo6A8Ka","2018","Targets","PMTCT_STAT","all","quarterly"
"PMTCT_STAT (N, DSD, Age) TARGET v2: Known Results","r0X26Vj15Lm","2018","Targets","PMTCT_STAT","all","quarterly"
"PMTCT_STAT (N, DSD) TARGET: Known Results","RuPl0gvYTCq","2018","Targets","PMTCT_STAT","all","quarterly"
"PMTCT_STAT (N, TA, Age/KnownNewResult) TARGET: Known Results","EtEcoXYQLW5","2018","Targets","PMTCT_STAT","all","quarterly"
"PMTCT_STAT (N, TA, Age) TARGET v2: Known Results","uNZbyGI8yzr","2018","Targets","PMTCT_STAT","all","quarterly"
"PMTCT_STAT (N, TA) TARGET: Known Results","SUYXcVZ5TtX","2018","Targets","PMTCT_STAT","all","quarterly"
"PP_PREV (N, DSD, Age/Sex) TARGET: HIV Prevention Program","aAcv9P7LZiw","2018","Targets","PP_PREV","semi","semi-annual"
"PP_PREV (N, DSD) TARGET: HIV Prevention Program","YXGmBb9bkkS","2018","Targets","PP_PREV","semi","semi-annual"
"PP_PREV (N, TA, Age/Sex) TARGET: HIV Prevention Program","lVzvacxyYJk","2018","Targets","PP_PREV","semi","semi-annual"
"PP_PREV (N, TA) TARGET: HIV Prevention Program","QyN3UskZlqk","2018","Targets","PP_PREV","semi","semi-annual"
"PrEP_NEW (N, DSD, Age/Sex) TARGET: Newly Enrolled PrEP","I2Obvt65Kl5","2018","Targets","PrEP_NEW","semi","quarterly"
"PrEP_NEW (N, DSD, KeyPopAbr) TARGET: Newly Enrolled PrEP","lXqlw8UxoqF","2018","Targets","PrEP_NEW","semi","quarterly"
"PrEP_NEW (N, DSD) TARGET: Newly Enrolled PrEP","OrU7GYOuxLd","2018","Targets","PrEP_NEW","semi","quarterly"
"PrEP_NEW (N, TA, Age/Sex) TARGET: Newly Enrolled PrEP","Ge5WSPyDdtw","2018","Targets","PrEP_NEW","semi","quarterly"
"PrEP_NEW (N, TA, KeyPopAbr) TARGET: Newly Enrolled PrEP","gdHE7Kk9Q1k","2018","Targets","PrEP_NEW","semi","quarterly"
"PrEP_NEW (N, TA) TARGET: Newly Enrolled PrEP","Z7Ku4hHrvHe","2018","Targets","PrEP_NEW","semi","quarterly"
"TB_PREV (D, DSD, Age Aggregated/Sex) TARGET: IPT","BN0KwIIiNf1","2018","Targets","TB_PREV","semi","semi-annual"
"TB_PREV (D, DSD) TARGET: IPT","ExN4tJjsjQ5","2018","Targets","TB_PREV","semi","semi-annual"
"TB_PREV (D, DSD, TherapyType) TARGET: IPT","O6nxTCFJ9Ud","2018","Targets","TB_PREV","semi","semi-annual"
"TB_PREV (D, TA, Age Aggregated/Sex) TARGET: IPT","sRDb78CxIGH","2018","Targets","TB_PREV","semi","semi-annual"
"TB_PREV (D, TA) TARGET: IPT","vc5TCuA6hIy","2018","Targets","TB_PREV","semi","semi-annual"
"TB_PREV (D, TA, TherapyType) TARGET: IPT","XpnNyhD7yYa","2018","Targets","TB_PREV","semi","semi-annual"
"TB_PREV (N, DSD, Age Aggregated/Sex) TARGET: IPT","rmRqwGJz2wx","2018","Targets","TB_PREV","semi","semi-annual"
"TB_PREV (N, DSD) TARGET: IPT","abYL1NgxC6z","2018","Targets","TB_PREV","semi","semi-annual"
"TB_PREV (N, DSD, TherapyType) TARGET: IPT","xP8qcHWwwdu","2018","Targets","TB_PREV","semi","semi-annual"
"TB_PREV (N, TA, Age Aggregated/Sex) TARGET: IPT","AcQHZVQ9fkv","2018","Targets","TB_PREV","semi","semi-annual"
"TB_PREV (N, TA) TARGET: IPT","VcEPWjowLPC","2018","Targets","TB_PREV","semi","semi-annual"
"TB_PREV (N, TA, TherapyType) TARGET: IPT","DUtx9BUOy02","2018","Targets","TB_PREV","semi","semi-annual"
"TB_STAT (D, DSD, Age Aggregated/Sex) TARGET: New/Relapsed TB","eeYmLTvWk8k","2018","Targets","TB_STAT","all","semi-annual"
"TB_STAT (D, DSD) TARGET: New/Relapsed TB","KcL9aEzkodz","2018","Targets","TB_STAT","all","semi-annual"
"TB_STAT (D, TA, Age Aggregated/Sex) TARGET: New/Relapsed TB","OLbVI34nrpu","2018","Targets","TB_STAT","all","semi-annual"
"TB_STAT (D, TA) TARGET: New/Relapsed TB","fpaJtBFgRjs","2018","Targets","TB_STAT","all","semi-annual"
"TB_STAT (N, DSD, Age Aggregated/Sex) TARGET: New/Relapsed TB","L5deTX4oKDI","2018","Targets","TB_STAT","all","semi-annual"
"TB_STAT (N, DSD) TARGET: New/Relapsed TB","SZ0vEYFiYxB","2018","Targets","TB_STAT","all","semi-annual"
"TB_STAT (N, TA, Age Aggregated/Sex) TARGET: New/Relapsed TB","XLZji8BG0AM","2018","Targets","TB_STAT","all","semi-annual"
"TB_STAT (N, TA) TARGET: New/Relapsed TB","HqZeNMok1zx","2018","Targets","TB_STAT","all","semi-annual"
"TX_CURR (N, DSD, AgeAboveTen/Sex) TARGET: Receiving ART","p6pB3wTnJlj","2018","Targets","TX_CURR","last","quarterly"
"TX_CURR (N, DSD, Age Aggregated/Sex) TARGET v2: Receiving ART","Aw0GIXTFDxa","2018","Targets","TX_CURR","last","quarterly"
"TX_CURR (N, DSD, AgeLessThanTen) TARGET: Receiving ART","fEzdLhyNKox","2018","Targets","TX_CURR","last","quarterly"
"TX_CURR (N, DSD) TARGET: Receiving ART","f9BaCsI9PGn","2018","Targets","TX_CURR","last","quarterly"
"TX_CURR (N, TA, AgeAboveTen/Sex) TARGET: Receiving ART","DcIt1phvYrU","2018","Targets","TX_CURR","last","quarterly"
"TX_CURR (N, TA, Age Aggregated/Sex) TARGET v2: Receiving ART","lVldbk2L247","2018","Targets","TX_CURR","last","quarterly"
"TX_CURR (N, TA, AgeLessThanTen) TARGET: Receiving ART","fC6MOF5pMPr","2018","Targets","TX_CURR","last","quarterly"
"TX_CURR (N, TA) TARGET: Receiving ART","jPjgIrMLEVx","2018","Targets","TX_CURR","last","quarterly"
"TX_NEW (N, DSD, AgeAboveTen/Sex) TARGET: New on ART","n0QmCvMMAIl","2018","Targets","TX_NEW","all","quarterly"
"TX_NEW (N, DSD, Age Aggregated/Sex) TARGET v2: New on ART","Mq87amcE096","2018","Targets","TX_NEW","all","quarterly"
"TX_NEW (N, DSD, AgeLessThanTen) TARGET: New on ART","FsSdbyAceqn","2018","Targets","TX_NEW","all","quarterly"
"TX_NEW (N, DSD, KeyPop) TARGET: New on ART","nHmxxMx16zF","2018","Targets","TX_NEW","all","quarterly"
"TX_NEW (N, DSD, PregnantOrBreastfeeding/HIVStatus) TARGET: New on ART","TUsvFwgyp7b","2018","Targets","TX_NEW","all","quarterly"
"TX_NEW (N, DSD) TARGET: New on ART","oVnEYC2i59j","2018","Targets","TX_NEW","all","quarterly"
"TX_NEW (N, TA, AgeAboveTen/Sex) TARGET: New on ART","iYYZrNuuU2A","2018","Targets","TX_NEW","all","quarterly"
"TX_NEW (N, TA, Age Aggregated/Sex) TARGET v2: New on ART","vF0WccvoSWd","2018","Targets","TX_NEW","all","quarterly"
"TX_NEW (N, TA, AgeLessThanTen) TARGET: New on ART","Ph44Tk2cODW","2018","Targets","TX_NEW","all","quarterly"
"TX_NEW (N, TA, KeyPop) TARGET: New on ART","MX0evKu26AF","2018","Targets","TX_NEW","all","quarterly"
"TX_NEW (N, TA, PregnantOrBreastfeeding/HIVStatus) TARGET: New on ART","Sdd32Xz5nfH","2018","Targets","TX_NEW","all","quarterly"
"TX_NEW (N, TA) TARGET: New on ART","kcy6R7hxr91","2018","Targets","TX_NEW","all","quarterly"
"TX_TB (D, DSD, Age Aggregated/Sex) TARGET: TB Screening","iAHNBvtFB7n","2018","Targets","TX_TB","semi","semi-annual"
"TX_TB (D, DSD, PositiveScreen) TARGET: TB Screening","IeB3W5uAY9U","2018","Targets","TX_TB","semi","semi-annual"
"TX_TB (D, DSD, Specimen Sent) TARGET: TB Screening","v0CKUtK1h5W","2018","Targets","TX_TB","semi","semi-annual"
"TX_TB (D, DSD) TARGET: TB Screening","a2C4wgZhWLQ","2018","Targets","TX_TB","semi","semi-annual"
"TX_TB (D, DSD, TB Test Type/HIVStatus) TARGET: TB Screening","i8BiIhhn5DH","2018","Targets","TX_TB","semi","semi-annual"
"TX_TB (D, TA, Age Aggregated/Sex) TARGET: TB Screening","LjT4UxGgVBS","2018","Targets","TX_TB","semi","semi-annual"
"TX_TB (D, TA, PositiveScreen) TARGET: TB Screening","KItTaoRLwIz","2018","Targets","TX_TB","semi","semi-annual"
"TX_TB (D, TA, Specimen Sent) TARGET: TB Screening","TPub6CZaCO9","2018","Targets","TX_TB","semi","semi-annual"
"TX_TB (D, TA) TARGET: TB Screening","jNEMWcRor82","2018","Targets","TX_TB","semi","semi-annual"
"TX_TB (D, TA, TB Test Type/HIVStatus) TARGET: TB Screening","qSFGRZAN4N6","2018","Targets","TX_TB","semi","semi-annual"
"TX_TB (N, DSD, Age Aggregated/Sex) TARGET: TB Treatment","PLdqpKvT0jP","2018","Targets","TX_TB","semi","semi-annual"
"TX_TB (N, DSD) TARGET: TB Treatment","pKj5cs5jAAD","2018","Targets","TX_TB","semi","semi-annual"
"TX_TB (N, TA, Age Aggregated/Sex) TARGET: TB Treatment","PhmsQDZp0B8","2018","Targets","TX_TB","semi","semi-annual"
"TX_TB (N, TA) TARGET: TB Treatment","dVR1VVbn6nC","2018","Targets","TX_TB","semi","semi-annual"
"VMMC_CIRC (N, DSD, Age) TARGET v2: Voluntary Circumcised","NjvBvVZdirO","2018","Targets","VMMC_CIRC","all","quarterly"
"VMMC_CIRC (N, DSD) TARGET: Voluntary Circumcised","pbelX3OFkkT","2018","Targets","VMMC_CIRC","all","quarterly"
"VMMC_CIRC (N, DSD, Technique/Sex) TARGET: Voluntary Circumcised","LbmWd1fLXkP","2018","Targets","VMMC_CIRC","all","quarterly"
"VMMC_CIRC (N, TA, Age) TARGET v2: Voluntary Circumcised","QASYilHhPIK","2018","Targets","VMMC_CIRC","all","quarterly"
"VMMC_CIRC (N, TA) TARGET: Voluntary Circumcised","z3DF1jx3zUZ","2018","Targets","VMMC_CIRC","all","quarterly"
"VMMC_CIRC (N, TA, Technique/Sex) TARGET: Voluntary Circumcised","BV4c3RVJY9Y","2018","Targets","VMMC_CIRC","all","quarterly"
"HTS_TST (N, DSD, HomeMod/AgeAboveTen/Sex/Result) TARGET: HTS received results","ugjvwtftGgk","2018","Targets","HTS_TST","all","quarterly"
"HTS_TST (N, DSD, HomeMod/Age Aggregated/Sex/Result) TARGET: HTS received results","YKULMnpTMYI","2018","Targets","HTS_TST","all","quarterly"
"HTS_TST (N, DSD, HomeMod/AgeLessThanTen/Result) TARGET: HTS received results","nemPXRK9gbA","2018","Targets","HTS_TST","all","quarterly"
"HTS_TST (N, DSD, IndexMod/AgeAboveTen/Sex/Result) TARGET: HTS received results","t0szphd0Vaz","2018","Targets","HTS_TST","all","quarterly"
"HTS_TST (N, DSD, IndexMod/Age Aggregated/Sex/Result) TARGET: HTS received results","yn13VHrNOVe","2018","Targets","HTS_TST","all","quarterly"
"HTS_TST (N, DSD, IndexMod/AgeLessThanTen/Result) TARGET: HTS received results","SvyJBf9nLYv","2018","Targets","HTS_TST","all","quarterly"
"HTS_TST (N, DSD, MobileMod/AgeAboveTen/Sex/Result) TARGET: HTS received results","j7pdUcvvOxx","2018","Targets","HTS_TST","all","quarterly"
"HTS_TST (N, DSD, MobileMod/Age Aggregated/Sex/Result) TARGET: HTS received results","QIGxJFj0eZk","2018","Targets","HTS_TST","all","quarterly"
"HTS_TST (N, DSD, MobileMod/AgeLessThanTen/Result) TARGET: HTS received results","yAxjXprNB4r","2018","Targets","HTS_TST","all","quarterly"
"HTS_TST (N, DSD, OtherMod/AgeAboveTen/Sex/Result) TARGET: HTS received results","yxNxs3Um0R0","2018","Targets","HTS_TST","all","quarterly"
"HTS_TST (N, DSD, OtherMod/Age Aggregated/Sex/Result) TARGET: HTS received results","tUnnLpaLitw","2018","Targets","HTS_TST","all","quarterly"
"HTS_TST (N, DSD, OtherMod/AgeLessThanTen/Result) TARGET: HTS received results","ERTvFPkluJl","2018","Targets","HTS_TST","all","quarterly"
"HTS_TST (N, DSD, VCTMod/AgeAboveTen/Sex/Result) TARGET: HTS received results","qjFAIrUEh16","2018","Targets","HTS_TST","all","quarterly"
"HTS_TST (N, DSD, VCTMod/Age Aggregated/Sex/Result) TARGET: HTS received results","SV1AugKAo8V","2018","Targets","HTS_TST","all","quarterly"
"HTS_TST (N, DSD, VCTMod/AgeLessThanTen/Result) TARGET: HTS received results","hg8jlzy5m8b","2018","Targets","HTS_TST","all","quarterly"
"HTS_TST (N, TA, HomeMod/AgeAboveTen/Sex/Result) TARGET: HTS received results","q5giXRQp4Vi","2018","Targets","HTS_TST","all","quarterly"
"HTS_TST (N, TA, HomeMod/Age Aggregated/Sex/Result) TARGET: HTS received results","ehKUlpZ6o2C","2018","Targets","HTS_TST","all","quarterly"
"HTS_TST (N, TA, HomeMod/AgeLessThanTen/Result) TARGET: HTS received results","VAcyv2ZUgM7","2018","Targets","HTS_TST","all","quarterly"
"HTS_TST (N, TA, IndexMod/AgeAboveTen/Sex/Result) TARGET: HTS received results","tMPd5TLfrFv","2018","Targets","HTS_TST","all","quarterly"
"HTS_TST (N, TA, IndexMod/Age Aggregated/Sex/Result) TARGET: HTS received results","z9bwOH6TFqY","2018","Targets","HTS_TST","all","quarterly"
"HTS_TST (N, TA, IndexMod/AgeLessThanTen/Result) TARGET: HTS received results","SAxCexYrC8K","2018","Targets","HTS_TST","all","quarterly"
"HTS_TST (N, TA, MobileMod/AgeAboveTen/Sex/Result) TARGET: HTS received results","fJT9bAd6pxX","2018","Targets","HTS_TST","all","quarterly"
"HTS_TST (N, TA, MobileMod/Age Aggregated/Sex/Result) TARGET: HTS received results","ULfEIbnmWpN","2018","Targets","HTS_TST","all","quarterly"
"HTS_TST (N, TA, MobileMod/AgeLessThanTen/Result) TARGET: HTS received results","byOQFfCNJIN","2018","Targets","HTS_TST","all","quarterly"
"HTS_TST (N, TA, OtherMod/AgeAboveTen/Sex/Result) TARGET: HTS received results","uo1cQOvpWiC","2018","Targets","HTS_TST","all","quarterly"
"HTS_TST (N, TA, OtherMod/Age Aggregated/Sex/Result) TARGET: HTS received results","j76BoKnpyha","2018","Targets","HTS_TST","all","quarterly"
"HTS_TST (N, TA, OtherMod/AgeLessThanTen/Result) TARGET: HTS received results","qzp09DksQwh","2018","Targets","HTS_TST","all","quarterly"
"HTS_TST (N, TA, VCTMod/AgeAboveTen/Sex/Result) TARGET: HTS received results","ljoZhkWOvx1","2018","Targets","HTS_TST","all","quarterly"
"HTS_TST (N, TA, VCTMod/Age Aggregated/Sex/Result) TARGET: HTS received results","LoodFwJ5loR","2018","Targets","HTS_TST","all","quarterly"
"HTS_TST (N, TA, VCTMod/AgeLessThanTen/Result) TARGET: HTS received results","zAYQHl4NLjt","2018","Targets","HTS_TST","all","quarterly"
